XYXF,"{'F': 'F++FX+', 'X': '-F+[F]FAFA', 'A': '+YFEF-E', 'E': 'YFEAY', 'Y': '[-Y]'}",45,6
FSF,"{'F': 'SCF+B', 'M': '+SCC', 'C': '[]FC', 'S': '[]+', 'B': 'SB+M++FBF'}",188,3
NFCH,"{'F': '[]YHFHFF-', 'N': 'CHC', 'H': 'ECFFNE', 'Y': 'N[E]'}",36,7
F,"{'F': '[FF-FF--]F', 'L': '[+]'}",60,9
FF,"{'F': '-WW', 'W': 'FWW'}",238,17
A,"{'F': '[[]][A]+-FA', 'V': '-AAFF+V', 'A': 'F[F]+FF++'}",263,0
LJFJ,"{'F': '-JF', 'J': 'FL-+F'}",36,1
F,"{'F': 'L-F+', 'L': '-FU', 'U': '-FF'}",36,0
IX,"{'F': 'F', 'J': 'LF+X', 'G': 'G[FLFJ]', 'I': '[G]', 'X': '[FJ]F', 'L': 'FIIF'}",36,2
SSDS,"{'F': 'SFF', 'S': 'SFDF+', 'U': '+FF'}",36,1
LL,"{'F': 'XF+XLLF', 'L': 'XLGX', 'J': '[X-]JE', 'X': 'F', 'E': '[[JXX]XG]'}",83,3
CW,"{'F': '+', 'U': 'FU-C-FC', 'W': 'FFCC', 'C': '-FU'}",93,4
CNNC,"{'C': 'N[NFFFF]', 'E': 'E', 'N': '++CE[FE]+'}",145,6
P,"{'F': 'FFXFWH', 'P': '+[+XP]FWWW', 'W': 'FF[F]', 'X': '[F]'}",60,0
FM,{'M': '[MF+]++M'},8,0
ACAH,"{'F': 'CH+F', 'A': '+-[--]', 'C': '-CFFF', 'H': 'AC+'}",45,5
F,"{'F': 'RR', 'R': 'RFFF-'}",90,4
C,"{'F': 'F+C[X]-C', 'E': '-F+XE', 'X': '+XXC', 'C': '+FFEPNX', 'N': '-XF', 'P': '[]+EP'}",45,3
ZKFW,"{'F': '-B+[B]', 'Z': 'FFEFBWF', 'E': 'F+BZFKKF-', 'K': '[B]EF', 'W': 'W-K+-', 'B': 'KWF-EE'}",45,2
FV,"{'F': '-VFNFN', 'V': 'N+V+', 'N': 'XFNFX+', 'X': 'F'}",90,2
FAZ,"{'F': '-A[C]CAFC', 'M': '-', 'A': 'ZFM', 'C': 'Z+-+', 'Z': '[[][]-]FFF'}",60,1
IHW,"{'F': '[IFF]-FWF', 'W': '+WI+[FH]', 'I': 'H[+F+FFF]', 'H': '[FI]IF'}",45,2
FXXC,"{'F': '-+FC+', 'X': 'XFA+C', 'A': '[XX]XFC'}",95,3
NXFN,"{'F': 'EFXETX', 'E': '[WF]N-XF-F', 'T': 'X[XXN+]+F-', 'W': 'F-', 'N': 'T', 'X': '[]E'}",90,1
PP,"{'F': 'B[P-+F-]-', 'B': 'FJF-++P+F', 'J': 'J-PF+-JB', 'P': 'FPBB'}",217,0
T,"{'F': '[[]]TQ', 'D': '+DL+', 'Q': '[]', 'L': 'FF-[-LL]FT', 'T': 'F+L+Q+--'}",60,2
HHHD,"{'F': '++W', 'W': 'DFHH++W', 'D': '-FD+', 'H': 'FH[[FF]]+W'}",45,1
RIR,"{'F': '[[-]R-F]RF', 'R': '[[C+CZIZF]]', 'I': 'IR-F', 'Z': '-', 'C': '[+[]C]'}",90,2
AFNA,"{'F': '+F', 'L': '[X]AXL+F', 'A': '[[[F]]N]-', 'X': '[-XA]NNF', 'N': 'FFF-'}",36,20
JLLJ,"{'F': 'X', 'J': 'FY', 'L': '[[[[]]XXXX]F]', 'Y': 'J', 'X': '-L', 'H': 'Y'}",90,0
FF,"{'F': 'FFF+U', 'M': '[ZZ]M-', 'Z': '[]ZFZ', 'U': 'MFFZUF-+F'}",90,1
BN,"{'F': 'B', 'C': 'NFC+-+C', 'H': 'NB', 'N': 'CFF', 'B': 'C'}",151,3
WX,"{'F': '[-]+W-UU', 'X': '[FF]', 'W': 'X+X--', 'U': '[[W]]'}",45,2
E,"{'F': '[H]+HFF', 'H': '[-HF-F]-E', 'N': '-H+HEF', 'E': 'FF+'}",36,7
FFMF,"{'F': 'F', 'M': 'M+F-M-F'}",36,28
FFF,"{'F': 'F+F+-J', 'J': 'FF'}",90,1
FRLL,"{'R': 'FL[RFF-FF]', 'L': 'F-+F-FRLF'}",54,2
F,"{'F': '[X]R', 'W': 'R', 'R': '[Q]R', 'X': 'FW-X', 'Q': '+'}",36,3
MKM,"{'F': 'ZFM-FKZF', 'M': '-FZ', 'K': '[]', 'Z': 'M[-]MZM'}",90,4
CMMM,"{'F': '+F-FCM+', 'M': '[-]NVN-+FF', 'N': 'CFCFC', 'V': '[+FVV-M]M', 'C': 'M[C]+N'}",216,4
F,"{'F': '[FRF-R]', 'R': 'GRGFF', 'M': '[[GGF]]', 'G': '[MF+R-F]-R'}",90,6
FFFT,"{'F': '[T]-', 'T': 'E[FF]+-++T', 'E': 'FT'}",36,1
NN,"{'F': 'NNF', 'N': '[F][FF]FC--', 'E': 'F'}",36,3
PP,"{'F': '-CFP', 'C': 'F+FP', 'P': 'E[B]P', 'B': '[BC]BPFCF', 'E': '+'}",36,9
A,"{'F': 'OAAO', 'Q': 'A+', 'A': 'O-AF', 'W': 'F'}",90,3
QQ,"{'F': 'F[Q]F', 'Q': '++FF+Q'}",250,1
JZF,"{'F': 'QZ+-F', 'L': '-Q-F', 'Q': 'Q+LFLFZ', 'J': '[F[]-]', 'Z': 'F'}",60,3
NV,"{'F': '[[]]FFNF+', 'V': '[N[+][NFI]]I', 'I': 'V', 'N': 'S', 'S': '[F+]I-'}",134,0
EKF,"{'F': '-FFFD-KFF', 'K': '++D', 'D': '+', 'E': 'D-F'}",36,1
HF,"{'F': 'F+-FF[H-]', 'H': '-F'}",255,0
VVV,"{'F': '[]', 'V': 'F[F-]FV+FF'}",142,4
WFWW,"{'F': 'WFFKFF+', 'W': '--K+-+W', 'K': 'FKF+W'}",8,3
DFF,"{'F': 'VFF', 'V': 'P+P-+P', 'P': 'V[HVFHD]', 'H': 'FADHFPPF', 'D': '+HD', 'A': '[D]+AA'}",90,2
FFO,"{'F': '[-[KO]FO]OO', 'K': '-[OFF+]--', 'O': 'FOK+K'}",60,4
P,"{'F': 'P+-FPP---', 'P': '-[UF]P+F-U', 'U': 'P'}",36,2
F,"{'F': '+FF', 'R': '[]+F'}",163,7
W,"{'F': 'F-[[F]]F--F', 'W': '[-F]WK', 'K': 'W'}",344,2
MFM,"{'F': 'F-T+', 'M': 'FF-F-F', 'T': '[[]]FF', 'S': 'T[[+[S]]]F'}",36,2
UDDK,"{'F': 'ID', 'S': 'F', 'K': '[]+--FI', 'I': '[]KF+KS', 'D': 'U'}",60,0
F,"{'F': 'F+[[NE+]]F', 'E': 'F[N]D', 'N': '-[[-]]FFF', 'D': 'F'}",60,8
N,"{'F': 'N', 'N': '[FU]NN', 'U': '-UNN', 'Y': '+'}",90,3
PPF,"{'F': 'F', 'S': '[[P]]', 'L': '[][+]PS+S-', 'Z': 'FSP--FPPP', 'P': '[F]ZP'}",45,0
NF,"{'F': '-[F+F]-FF', 'N': 'N[-NF+[]F]+', 'D': 'FD++'}",90,0
FZ,"{'F': 'RFFZZR+', 'R': '+ZZ+YR', 'Y': '[]ZZ', 'Z': 'R', 'L': '-'}",60,3
EL,"{'C': 'CFF-[LP-]', 'D': '[E]PL[PE+]', 'E': 'E++++', 'P': 'FFF-ED', 'L': 'LP-FPL'}",90,1
U,"{'F': 'AJA', 'Q': 'JU', 'U': '+QAQ+B', 'J': 'FA[-]A', 'A': 'B', 'B': 'F'}",45,1
KFFK,{'F': '[[]-FF-F]+'},60,1
FWWF,{'W': '[F]W+F-'},76,2
CY,"{'F': '[F-]CY-', 'Y': 'E[FE]', 'C': '[]F-FFE-+'}",297,1
ARFN,"{'F': 'RTN', 'T': '[N]', 'B': '+[F]', 'N': '[T]', 'R': '[]BRF[AB]+A'}",36,2
H,"{'F': 'HLH', 'M': 'V+FFL', 'H': 'FMF-VFM', 'V': 'V'}",112,5
GFE,"{'F': 'FE+', 'G': '[]Q', 'Q': 'FF-', 'N': '+XQF', 'E': 'Q+-Q+XN'}",161,2
CF,"{'F': '[]+CFFF', 'C': 'C-'}",45,2
FB,"{'L': '-L', 'B': 'BKFL+F'}",210,1
K,"{'F': '[KFF]BQKQ', 'K': '++F', 'V': 'QFFVFVVK', 'Q': '+'}",90,2
FCCF,"{'F': '[]ZCZ', 'W': 'FX', 'B': '+F-+-+F', 'Z': '+[W-]ZB-C', 'X': 'FWBF', 'C': '[C+]FB'}",60,3
JF,"{'F': '[]J', 'Q': 'U+LFQU', 'U': '[FQ]ZQ', 'J': '+QLUFZ'}",90,0
PW,"{'F': 'F[W]WF-', 'P': '[F]++W', 'W': '[[W]-F]'}",111,0
HHAA,"{'F': '-[-]A', 'S': 'S-AFH', 'H': '-A[FHS]', 'A': 'AASA'}",90,1
FF,"{'F': 'NF+F+D+N', 'D': '[[DFD]]', 'N': '[-[]]DD'}",36,3
UA,"{'F': 'A[U[F+U]]U', 'U': '[[]]-[A]-', 'A': 'UF'}",45,3
EX,"{'F': 'R+', 'E': '[+]', 'C': 'F[F]RE', 'R': '[]PF-RRE', 'P': 'CXFC', 'X': '[FP+[F]]R'}",45,1
VW,"{'F': 'VVWXVVF', 'K': '[]++VW', 'W': 'XW-VKK', 'L': 'L[FW]', 'X': 'L', 'V': '[F]'}",263,0
AKW,"{'F': 'F+', 'R': '+RRK', 'W': 'KDWKFADW+', 'K': '[WF]AW+', 'D': '[+KW+R]WW'}",60,0
FNR,"{'F': '[F-N]NDFRB', 'N': 'FNFN', 'D': 'B-BFDBD', 'B': '+F+FR[-]R', 'R': '[]NDDFF'}",60,1
FFF,"{'F': '+AF[A]', 'A': 'F+[F]F-FF'}",94,0
US,"{'F': '+S[F-]SU', 'U': 'UQ', 'S': '[-[+Q]]+UF', 'Q': '[]UUUFF+'}",267,1
FFFF,"{'F': '[F]++F-F', 'E': '[+]+F-FF+F'}",60,4
Z,"{'F': '[+]ZFZ++S+', 'Z': '[[]F]-+F', 'S': 'F+FZF'}",60,0
FBF,"{'F': 'FF', 'I': 'F-', 'G': '[]--', 'B': '[-][IF]B+'}",90,0
CCFF,"{'U': 'ZG-F', 'C': '[[]-]-F+GG', 'G': 'FF-F+--'}",69,0
NNEU,"{'F': 'F', 'E': 'FN', 'N': 'N', 'U': '-U[[F-[]]+]E'}",36,1
MMMF,"{'F': '+', 'G': '+FF+X-+', 'M': 'X+MFM', 'X': 'FM+X'}",50,0
PDZ,"{'F': '[]D-', 'X': 'DFF-PFD', 'Z': 'TZT-', 'T': 'X[F]TPF', 'P': 'F-X+-P+', 'D': '[T]FF'}",106,0
AFAN,"{'F': 'N--NN-A', 'A': '[N]', 'Z': '-N-FZZFA', 'E': 'FNF+NZE-E', 'N': '+EN'}",170,1
JJ,"{'F': 'FFJF+TJF', 'T': '[FTS]J', 'J': '[[[][++J]]]JF', 'S': '--F-JFFJ'}",45,0
FTF,"{'P': 'T-FF', 'T': 'F--F+-+PT', 'A': 'F[FT]A'}",155,3
LHH,"{'F': '[L-[[]]H]', 'X': '[[]LL[]H]', 'L': '[]UF-XLHUU', 'U': 'U'}",90,0
V,"{'F': 'RRVFU', 'R': '[[F]V]F-FFV', 'V': 'USFFS', 'U': '[]S', 'S': '[F-[[]]F]+VU', 'P': '[[]]RF-FSUV'}",unknown,0
FF,"{'F': 'R[--+RF]FF', 'T': '[]', 'R': '[[F-][]]F+FF'}",45,3
IIFF,"{'F': '-+IIFIF+F', 'I': '[-]F++'}",45,0
MMA,"{'F': '-FRF-F', 'M': '[F]R+', 'P': '[[]-+]R+', 'B': 'RF', 'A': 'MR[R]F', 'R': 'FRPMMRF'}",339,1
P,"{'F': 'FPF-D', 'A': 'PFD-+++P', 'P': 'A+A[F]+-', 'D': '[F]-AF+P'}",36,0
OIRI,"{'I': 'FI+IFRRQ', 'R': 'F', 'O': '[[]ORO]++--'}",45,2
F,"{'F': 'FIF', 'I': 'F[FZ]F', 'Z': 'I-ZV+F+-', 'V': 'FV-F'}",45,0
OFF,"{'F': '+-DF--', 'O': 'ON-N', 'D': '[]-FNOD'}",60,13
O,"{'F': '-OF', 'B': 'BF', 'C': 'F[F]--F+O', 'A': 'FC', 'O': '[B]BF-'}",207,0
CS,"{'F': '[C-][S]', 'D': '[S[][D]JJ]F', 'C': '[-]D', 'S': '[]-J+FDSD+', 'J': 'DD', 'V': 'FSVJF'}",36,1
KUKK,"{'F': 'FF+U', 'K': 'FUU', 'U': '[-]UKK+'}",60,0
E,"{'F': '+F[F]E', 'E': '[[F]]--F'}",60,1
F,"{'F': '[NFNFF]', 'N': '[F]F+F'}",45,3
XM,"{'F': 'KF', 'C': 'FC[-+XKKF]', 'R': 'C-MC', 'M': '[][FX]+MRK', 'K': '[+K[-]]', 'X': 'MCXRF+'}",60,3
O,"{'F': 'F+', 'H': '[OFHO]FH', 'O': '-[F+-]H'}",90,3
YRR,"{'F': 'YFFH-+F', 'Y': 'R[F[FY]]Y+', 'H': '[[]]-Y'}",345,4
FSP,"{'F': 'WF', 'W': 'W+I', 'P': 'FIPWPS+W', 'I': '+POFIFOF', 'O': 'IOS'}",90,5
GFF,"{'F': '[[]]F+GYYFT', 'M': 'T', 'Y': 'G[TF]M', 'T': '+MF'}",36,3
A,"{'F': '[FFT]++Z', 'G': 'AAZ', 'J': 'AF-AA', 'T': '-', 'A': 'Z[J]-FF', 'Z': 'F[-F]+F+'}",60,2
QFQQ,"{'F': 'Q--Q', 'Q': 'QQ+-F+'}",45,1
NF,"{'F': 'F+F[-]', 'L': '[FFF]NF-F-', 'N': 'F'}",90,0
MFFS,"{'S': 'F-', 'M': '+FFM'}",45,1
ERGK,"{'F': 'K', 'G': 'O-O-RO', 'E': 'OGO+', 'O': 'EOF'}",45,30
FFDF,"{'F': '[K]FFMF-', 'M': '[F]', 'D': 'K+FKF', 'K': '[[]]DF+'}",90,2
NE,"{'F': 'FEFE', 'N': '[]+F+FV-', 'V': '+', 'A': '-AFE', 'E': 'FAEA+'}",60,0
SFH,"{'F': '[F[]+]AFS-W', 'W': 'W--+AA', 'S': '[F]', 'H': '+H', 'A': 'H[S]S'}",45,0
II,"{'F': 'IF+TFF', 'I': '[]IFF[+F]I+', 'T': '-II'}",90,2
FGNN,"{'F': '+NJ-FGF', 'J': 'J-[JFF]FF'}",36,0
J,"{'F': 'EJ+-+GFJ', 'G': '[]+NJ+', 'E': '[++]FF', 'J': 'FJE-'}",36,1
FEKG,"{'F': '[G-+]KFF', 'G': '-E', 'K': 'KF-', 'E': 'E'}",226,1
WWI,"{'F': '[]F', 'Z': 'ZF', 'I': 'I+FY+IFY', 'W': 'X+I', 'X': '[Z-WF]WZZW', 'Y': '[]-W[WZ]F'}",36,1
QSFM,"{'F': '[]+', 'M': 'ZFFFFF', 'N': '-', 'Z': '-NFMF', 'S': 'F', 'Q': 'QFM'}",70,0
AG,"{'F': '[EA[-+]FF]', 'X': '[G]F-A', 'E': '[XX][XF-FF]', 'G': 'GGX', 'A': '[FA-F]GEG+'}",60,2
FS,"{'F': '[[+]]IF+FI', 'I': '--'}",44,4
SV,"{'F': 'FFF', 'X': 'SFN-', 'G': 'V', 'V': 'XG+GFNNFF', 'S': '+G-G+', 'N': '[S]'}",117,0
CQ,"{'F': '[[[][+]]]+Y+', 'I': '[[]I]', 'C': '+CF-', 'Q': 'FYFFYI-', 'Y': '++F+C'}",60,1
TSL,"{'F': 'G', 'L': '+GF-T+++', 'G': 'STGL-F'}",36,0
V,"{'M': 'F[+]+UMFN+', 'U': '+FF+', 'V': 'UVUMV'}",90,12
WQQ,"{'F': '[F][FF+WW]', 'Q': 'J+-NFWW-F', 'J': 'FFFW+NF-F', 'W': 'EJFF', 'E': 'WWJNJW-+', 'N': 'Q+FEF'}",unknown,0
BC,"{'F': 'FI+', 'R': 'F', 'I': 'FB[F]ICR', 'B': 'I-R+', 'C': '[F[+]BI]F'}",60,0
AAFA,"{'F': '[-]FF+', 'A': 'A', 'X': '-F[[[-]]FF]'}",90,0
WFF,"{'F': 'F+-FW[W]+-', 'W': 'FF[FF[]]--'}",60,4
ZVW,"{'F': '[[]JJ]+', 'R': 'Z', 'J': 'JVFV', 'V': 'RV[FF]V[Z]', 'Z': 'Z-'}",90,2
HD,"{'F': '[W-]', 'W': '[]', 'S': 'H+', 'D': '-', 'H': '[SDFS]BHS', 'B': '[]H-SH'}",256,0
FFRF,"{'F': 'FR+FY', 'Y': '+Y', 'R': '+YRR+F-Y'}",45,1
FQL,"{'F': 'Q--LLL', 'L': 'FFF'}",90,0
FF,"{'F': 'F-FU-', 'U': 'F'}",36,0
AXF,"{'A': 'FAA++F', 'X': '-[F[F-A]]-+'}",36,2
FFF,"{'F': '-FFF+I--F', 'I': 'M-+IIA', 'A': '[[F]]FMF', 'M': '+MF[I]AF'}",45,2
F,"{'F': '[FF]+FSF+S', 'S': '+FI-', 'I': 'UI', 'U': 'FF'}",45,0
J,"{'F': 'I-K-', 'M': '[]IJJJ+M', 'H': 'JMIF', 'I': '+FJ[K]FHF', 'K': 'M+MFF-I+I', 'J': '[]+FKMJKF'}",191,0
ZFY,"{'F': '[TL]TVV', 'L': 'YF[F]', 'T': '-', 'V': '-[FFL]ZFT', 'Z': 'F', 'Y': 'TFF'}",90,1
QQ,"{'F': '--FQF+', 'W': 'O-OF', 'Q': '[F-]-+', 'O': '[]F'}",36,0
F,"{'F': '[R+IE]FIFR', 'I': '[FIIFE]IF', 'R': 'EF', 'E': 'F+', 'G': '-'}",135,2
OFJO,"{'O': 'OF+[F-]', 'J': 'F[[[F]]OF]'}",224,3
YZB,"{'F': 'ZY', 'B': 'OKY', 'K': 'ZFKKBO+BY', 'Y': '[][F[]]-', 'Z': 'YB++-', 'O': 'K[KO[]K]F'}",45,2
FKL,"{'F': 'FNJNN', 'J': '-FLLLK', 'N': 'LKF-N', 'L': 'NN[F-LK]', 'K': '[+]F'}",90,0
F,"{'F': '+CFCH+', 'C': 'I-FHCIIH', 'O': '[F[]-]', 'I': '[F][C]', 'N': 'F-I', 'H': '+[+]II+I'}",45,2
FOFO,"{'F': 'INSFCCF+I', 'O': 'FO+IIO+', 'I': 'S', 'C': '+-OI'}",45,0
AAT,"{'A': '[R]FF', 'T': '[-[FAT+F]]T'}",266,1
NDAW,"{'F': '+F+A', 'W': 'D+FW', 'A': '[+]A', 'D': 'NF+FW+FD', 'N': '[]WFFAFD-'}",36,4
F,"{'F': '-[+F]F', 'V': 'FV-F[+]V'}",327,3
J,"{'F': 'OOBF+F+F', 'J': 'J[FB-]BFO', 'O': '[+J-BF]JO', 'B': '[F]'}",45,0
VV,"{'F': '[]', 'V': 'U[V+W]-FV', 'U': 'UUV', 'W': 'U-VWWWFF'}",45,0
F,"{'F': 'FF+[F]', 'E': 'FFA+-F', 'R': '-EFA+-', 'A': 'Z'}",333,6
EC,"{'F': 'FZZ', 'E': '--KK', 'K': 'F-KCC[F]FK', 'C': 'C'}",90,2
CZO,"{'F': 'FO+Z-+F', 'O': '[[[]C]]OZ', 'Z': 'Z', 'N': 'FF++', 'C': 'FNNC'}",60,2
A,"{'F': 'D', 'N': 'A-[D]FF', 'A': '+-S--AFFA', 'S': 'AANV', 'D': '[[]]', 'V': '[]+NFFFDN'}",36,1
FFFP,"{'F': '[]BFFP', 'P': 'B+---F-', 'B': '+'}",340,1
FDOF,"{'O': 'DN-FJ', 'N': '[]DF', 'J': 'OO', 'W': '[OJ+-NJ]', 'D': '[JW]'}",198,0
PF,"{'F': 'PF+F+F', 'P': 'F+[+F]+P+P'}",60,4
XXF,"{'F': '[+[]]XX-', 'X': 'F[F]--'}",221,0
VF,"{'F': 'FF', 'M': 'M', 'R': 'FDFVD', 'V': 'L', 'D': 'FFVDFVDL', 'L': '+RV[-]VDF-'}",90,1
FFTP,"{'F': 'FT-', 'T': '[]PP-FF', 'P': 'FF'}",45,2
MMP,"{'F': '[[F]-]F', 'E': '-QF', 'M': 'MMQQFFQE', 'P': 'F'}",90,8
III,"{'F': 'FFII', 'I': 'IF-F'}",36,0
VVUQ,"{'F': '[FV]', 'U': '[]QVU+VFV', 'Q': '[VV]QFFFU'}",277,2
VH,"{'F': '[]+FFG-', 'V': '[+-F]-V', 'H': '[F]+--[H]'}",36,0
WF,"{'F': '+Y+Y', 'Y': '[EYF]FF', 'E': 'FW[[W[-]]]F', 'W': 'EEF'}",60,2
NQ,"{'F': '-N[N]QQ', 'C': '[]', 'Q': 'NFCNNF-C', 'R': 'NQ-', 'N': '[N]CCFR'}",36,4
C,"{'F': 'FFF-M', 'D': 'M', 'C': 'MDMCD', 'M': '[MF]DDDFF'}",194,2
QRDD,"{'F': 'Q[-]QRQQF', 'Q': 'QR', 'D': '++F[D]', 'R': '[]+DDDQQ'}",36,0
XXXF,"{'F': '[[X[]]XF]VVB', 'Q': 'BQVFFQ-', 'B': '+Q+XX', 'X': '[X]BF+XFF'}",60,2
FLAA,"{'F': 'P-FKAAF', 'P': 'F++KFFAK-', 'K': 'APLA[+]FP', 'L': 'F++AAKP', 'A': 'FF[P]L+'}",316,0
FSF,"{'F': 'FSSF--+', 'S': '-FFF-F+'}",16,1
FZK,"{'F': 'ZZ', 'Z': '--DDZ-QF', 'D': 'VKV-V', 'K': '[QK]+K', 'Q': 'ZDZ', 'V': 'QF-'}",45,2
XY,"{'F': '[[]+YXRR]FX', 'G': '[]-', 'X': '[]XRJXFJ+F', 'J': '+J+', 'Y': 'FF+GJ-XF'}",60,2
PNU,"{'F': 'UFF', 'N': 'UFFUF', 'P': '[N]NF', 'U': 'FF-N+'}",314,0
NMNF,"{'F': 'RF+', 'M': 'MN', 'K': '[]R[NN+]-N', 'N': 'KN-FKRK', 'I': 'R', 'R': '[[F+F]][M]'}",90,5
HSSH,"{'F': 'F+FRFFS+', 'S': '[]SZF', 'Z': '[[]]H', 'R': 'FH-'}",345,0
FF,"{'F': '-++NF', 'N': '[F]-FF'}",303,7
ZVZ,"{'F': 'DS-+[D]-', 'D': 'D+DZ-SZFV', 'Z': '+ZV+', 'S': 'DZ[-FF+F]', 'V': 'DFVSF'}",15,3
L,"{'F': '[FJ-F]', 'J': '-F-L', 'R': '[[F]F][J]LFL', 'L': '[[F]F]+'}",45,3
YWW,"{'F': 'W[VF+]V', 'V': '[[]-]F[VF+]V', 'Y': '[YW]FF', 'W': '+F'}",90,0
FEAV,"{'F': 'VLF', 'E': 'F+-V-', 'Z': '[ZVV++ZL]L', 'L': 'FEZ-', 'V': '[+EF]-', 'A': 'F-+V+FF'}",45,1
FWII,"{'F': 'IIIIW-IF', 'I': 'F', 'W': '[[]FWF]'}",264,5
FX,"{'F': 'MFXF-FF', 'X': '[]++MF+MFF', 'Y': 'Y[F]MX-F', 'M': 'FF'}",60,0
I,"{'F': 'F-F-+FMF', 'I': '[+]IF', 'M': '[][[F]M]MM+-'}",36,0
ZR,"{'K': 'RZ[+-+E[F]]', 'T': '--[K+TRF]K', 'E': 'Z[T+ER]', 'R': 'FF+FF-', 'Z': 'KKF--KZF'}",36,0
F,"{'F': '+[[-FFM]]M', 'M': '[[[]FF]]M'}",242,3
IHII,"{'F': '+-I-FH++', 'I': 'F[+]F+FFFH', 'H': '[][I]+F'}",60,2
F,"{'F': '[[]-]XQX', 'Q': 'XRQQ-RF', 'R': 'FF+', 'X': 'FX'}",45,1
FRR,"{'F': 'RR', 'R': 'F-F', 'B': '+F-FRF-B'}",52,6
DD,"{'F': 'F-+F+DFGF', 'V': 'D', 'G': '[DG]', 'Y': '[][F]VYVFGV', 'D': 'Y+'}",60,7
WF,"{'F': '[][JFJF-]F+', 'J': 'WZ', 'W': '[+[J]--F]Z', 'Z': 'ZZ'}",90,0
EFF,"{'F': 'AF', 'U': 'FA-', 'A': 'F[E]', 'E': '+F', 'G': '-'}",24,10
FFF,"{'F': 'J[F][[J]]+F', 'J': 'J[[-]]'}",45,5
YI,"{'F': 'YYFF-+Y', 'I': '+Y', 'Y': '-[F+]F'}",36,0
E,"{'F': '-', 'V': '[E[]]ET', 'T': '[][V]H', 'H': 'TTUFFU', 'U': 'F+FE', 'E': 'TFVT'}",90,1
WPP,"{'F': 'VBL+', 'B': '[FW][-L]+F', 'W': '[]', 'P': 'BV[FPP]P-', 'V': '[P]+FLVFW', 'L': 'VFF+F-W+-'}",60,5
KCKK,"{'F': 'FC++F', 'K': 'F[K-]', 'C': 'KK+K'}",260,3
S,"{'F': 'S', 'L': '+L+K+S+KE', 'E': '[F]FL[L]E', 'S': '[]FLSSS', 'K': '-+[SF]F'}",60,0
FL,"{'F': 'FFFFF+', 'L': '[L+]'}",45,11
FUE,"{'F': '[++]+E', 'U': 'UE', 'E': '[EF-]', 'W': 'FF[[F]]'}",90,1
PPX,"{'F': '-FXO-OF', 'O': '[+]OF', 'P': 'X[+[OF]]', 'X': '[]XP'}",8,0
LUUF,"{'F': '[]L--FLLF', 'L': 'UF--U'}",90,0
FAN,"{'F': '-[GF+]GN', 'A': '[]FAG', 'G': 'G[[F][]GAA]', 'N': '[[G]+]-A+'}",60,2
VBF,"{'V': 'DVVNNNV', 'N': 'BF', 'B': 'D+D+', 'D': '+BD'}",90,0
WA,"{'F': 'WWFF+FF-', 'W': '[]', 'A': 'WFF-AW--'}",36,0
FYFJ,"{'F': '+Y+F-F', 'Y': '[-]F[F+]J-'}",60,3
FZZ,"{'F': 'KY+Z', 'K': 'FIK', 'I': 'ZZIFFKK', 'Y': '-[Z]Z', 'Z': '[-]FI'}",90,0
GGGQ,"{'F': '-F-', 'Q': '-FFFQ', 'G': '[-F+]GG'}",244,0
CC,"{'F': '-RFR', 'Z': 'RRPCR', 'O': '[]O', 'P': 'F+O', 'C': '+[PP]-F+FZ'}",36,1
QNNQ,"{'N': 'V+KN-', 'Q': '-F[F-Q]-FV', 'K': 'KQ+Q', 'V': '+F'}",36,1
ZK,"{'F': '[ZF]L', 'K': 'LFF', 'L': 'G-Z+-GF-Z', 'Z': '+-L'}",36,0
E,"{'F': 'E[++EF]-', 'E': '[E]E-FFEF'}",90,2
FMFM,{'M': 'F-[MMMF-F]'},60,9
BFT,"{'F': '[]-T-T+F', 'T': '[]FB', 'L': 'FLF'}",36,0
GFFF,"{'F': 'G[G]-G-', 'G': '[[F]FF]G'}",33,2
LE,"{'F': 'LLL[FG]L', 'E': 'ELFF+-', 'G': 'LF[FFL-]F', 'L': 'FF[G]G+'}",45,4
IFF,"{'F': 'H-I+Y', 'I': '[I]FF--I+F', 'J': '+Y', 'Y': 'FY', 'H': 'YIJ+FJY'}",60,1
PFU,"{'F': 'FX', 'G': '-PF-[UG]U', 'P': 'XF', 'U': '[FUG]'}",246,0
WWP,"{'F': 'W-', 'W': 'PPFLW', 'P': 'FFF', 'L': 'FW'}",90,1
L,"{'F': 'P-H[L]F', 'H': 'H++-FHHFF', 'L': '[L+]+-F', 'P': '+L'}",357,1
KKUK,"{'F': '[]FUUFU+', 'T': '-IFF-[FK]K', 'K': '[U]FT', 'I': 'TFFKUTF'}",60,1
QQ,"{'F': 'X-', 'R': 'XQ[[FX]]+X', 'X': 'FXF-R', 'Q': '[[[]]FR]Q'}",90,1
HMFM,"{'F': '+-F', 'M': 'FF-HFHFF+', 'H': '[[]]F+'}",60,0
FFGF,"{'F': '[G]F', 'G': '[G--GF]'}",90,1
IMO,"{'F': 'I', 'I': '[-][IOOF]KF', 'M': 'KI-O', 'K': '+', 'O': 'K'}",225,5
RX,"{'F': '-FE-', 'X': 'XAR+FBFB+', 'B': '[]', 'R': 'XBF', 'E': '-', 'A': 'X+'}",36,0
BJFP,"{'F': 'SJ-VFSSF', 'J': 'P+BBSF+F', 'S': '[[]JJV]BFB-', 'P': 'PB', 'B': 'F+FP-V-'}",36,1
J,"{'F': 'IFSFJ', 'U': '[F]', 'P': 'UFSII-U', 'J': '[+[U[FJ]+]-]', 'S': 'U-FJI'}",36,2
IOA,"{'F': '[+]GGIG', 'O': 'QGFGFOGG+', 'Q': '[[A]]IQ', 'I': '[O]', 'G': 'IQFFQFFAA', 'A': 'FFQOFG--'}",45,0
IMFM,"{'F': '-++C', 'I': '[]CFC', 'M': 'FCM', 'G': '+F-I', 'C': '[M]'}",45,1
VF,"{'F': '[F]', 'V': 'FVV-'}",60,4
FF,"{'F': '[]+-FF-OF', 'O': '[F][-]O'}",69,1
F,"{'F': '[]I+', 'I': '[[]IF]-YYF', 'Y': '[-+]+-'}",45,1
F,"{'F': '[]BFFFO-+O', 'B': 'U', 'U': 'O-[E]BUB', 'O': 'OFF-FFF-'}",36,2
RRJR,"{'F': 'WRRF', 'J': '[S]', 'W': 'S-PFFFR', 'P': 'JFF[S+]', 'R': 'WRRPSPP', 'S': '+-'}",90,1
QTT,"{'F': 'F+FST', 'A': 'T[-]++BAA+', 'Q': '[]QTBQ', 'B': '[F+FB+S]SS', 'T': '[-F]FT--', 'S': 'QFFS-T-F'}",unknown,0
FEHE,"{'F': 'F', 'E': 'E++-F', 'H': '--'}",60,9
NPBN,"{'F': '[]', 'P': '+N', 'B': '[]', 'N': '-PP-FPPF-'}",36,3
G,"{'F': '+F-K', 'G': 'GF+F+', 'K': '[[P]]', 'C': 'F', 'P': 'GFF+++FFC'}",90,0
YFFF,{'F': 'F-Y--+F'},45,2
FHFH,"{'F': 'F-FFF', 'H': 'H-'}",17,1
RAF,"{'F': 'RASLFA', 'L': 'R[I]AFLL-', 'I': 'SFF[S+I]F', 'S': 'SS[SRRFR+]', 'A': '[F-]R', 'R': '+LF'}",60,3
I,"{'F': 'P', 'P': '[]+FF', 'I': 'PFF-I+'}",60,3
TF,"{'F': 'NFT-FT', 'N': 'ZZ-N', 'Z': 'FNFF+ZZ+'}",90,4
ZZZZ,"{'F': '[][F]-F', 'Z': '[]++F[ZZ]F+'}",60,0
MF,"{'F': '-++M', 'M': '[M]FF--FF'}",36,7
XGNF,"{'F': '[XF]XN', 'X': '-NX', 'G': 'XXGWGXF-', 'W': 'XXWFWFGWX', 'N': '+F+NNW'}",60,0
FFF,"{'F': 'F[FYF]-+', 'H': '+YD', 'D': '[H[Q]D]ZZFF', 'Y': '[-D]+', 'Q': 'ZFQDF+Q', 'Z': '-FFQF'}",36,7
WWUW,"{'F': 'W', 'U': '[]', 'W': '[FW]+'}",60,0
J,"{'F': 'YA+-FYV-', 'A': '[-]HAHF', 'V': 'HAFFV', 'J': '++V+', 'H': '[[]Y]HHH-V'}",45,0
FDF,"{'F': 'FST-FFS', 'D': '-', 'T': '-F', 'O': '[]', 'S': '+DOFFFS+'}",60,0
LV,"{'F': 'VL-SVY', 'L': 'F--L+Y+Q', 'Y': 'Y-S-', 'S': '[[]]+[SLL]LL', 'Q': 'LFF'}",60,2
UFR,"{'F': '-[U-UFFF]', 'Z': 'Z[+]ZZ', 'U': '+', 'R': '+[R]+F--U'}",32,2
BHVF,"{'F': '[[[[[]]F]]F]V', 'V': '[]', 'H': 'B-VVFF', 'B': '+V-'}",90,1
GD,"{'F': '[D+G+]DK', 'V': 'FF--VK-V+', 'K': 'DF+FVGK-', 'G': 'KF-KF-D+', 'D': '[]FDFD+VV'}",36,1
VDP,"{'F': '[][--]F', 'D': '-F+FFFP', 'C': 'D-DF-D', 'P': '+C-', 'V': 'F++'}",24,6
R,"{'F': 'FF-++', 'J': '[][-JFFF]JF', 'R': '[[]]--F'}",60,4
JHJJ,"{'F': 'WW+F++', 'J': 'WW-H[-FF]-', 'W': '-J[-H]W-'}",187,10
W,"{'F': '+W-W+WFWW', 'W': '[[]+]++G', 'G': '[]-[EL]WE-', 'L': 'F', 'D': 'GDLFFL+'}",90,1
FS,"{'F': 'YYF-SE++E', 'E': 'SSSFS', 'S': 'L+FBFFYFY', 'Y': 'ELFEB', 'L': '[LBE]Y-'}",36,2
FK,"{'F': 'FJXXKKF', 'J': 'ZK', 'X': 'X-Z-KK', 'K': 'J', 'Z': '[[]-]FF-Z+X'}",44,0
MQQ,"{'F': '[F]F-F', 'M': 'M+-QQ-F-', 'Q': '-'}",90,1
CH,"{'F': '[SC[SSCF]F]', 'S': 'SS', 'C': 'B+SS+', 'H': '+-F'}",90,0
OO,"{'F': '++F+OF', 'O': '-FEE+F-F'}",45,0
ZHF,"{'F': 'YHF', 'H': '[[+]YZY]Y+', 'Y': '+F[FF[Z]]FF', 'Z': 'ZH'}",45,1
PPDD,"{'D': 'FFS+', 'S': 'D[[F]][-]PD+', 'N': '[F]', 'C': '[[+]FFN]'}",90,0
Y,"{'F': 'F+NN-FO+', 'O': 'YOFNF', 'N': 'Y[N]-', 'Y': 'N[F+FMF-]', 'M': 'OMFNN'}",263,0
MFFC,"{'F': 'F', 'M': '-R-MF', 'C': '[M][+-]', 'R': '[M+-MR-]'}",36,2
EGF,"{'F': 'GVGFF', 'G': 'F----', 'V': '+FG+FV++E', 'E': '[[]VFFF]'}",146,1
DAI,"{'F': 'F+JD', 'D': 'AD', 'V': '++VI-J', 'J': 'F', 'A': 'JJAA', 'I': '+VAD'}",90,0
Y,"{'F': 'F--F', 'Z': 'Z', 'Y': '+-YYU-ZY', 'W': '[[W]F]FF', 'U': '-UUWZY'}",339,1
FOI,"{'F': '-+OI-', 'I': '[-[]F-]OO+', 'O': '[OI-F]+OI'}",60,2
OR,"{'O': '[+]F+OV-', 'V': 'V', 'R': 'VVOVV', 'Z': 'ZFZFV'}",60,1
EFF,"{'F': '[]F-EFFE', 'L': 'F-+', 'E': '[]L[LLLLE]F'}",200,3
KFF,"{'F': '+F+K', 'K': 'FF'}",173,10
JFXV,"{'L': '[]-L-F', 'X': 'FVFJFL', 'J': 'FJ-X-B', 'B': '[X]++', 'V': 'BFFB'}",60,4
UYHF,"{'F': 'UF-HCFUFY', 'Y': 'HY[FU[CN]]H', 'H': 'NC[HF-]', 'C': 'FHFF', 'U': '-FFNHHFFN', 'N': 'FYY'}",unknown,3
TO,"{'F': 'SFA', 'S': '-H+++-A-+', 'T': 'F+H[F]FFF', 'O': '[H]FFO', 'H': '+A', 'A': '-[F-]F+A'}",90,2
YMM,"{'F': 'F', 'M': '-++[F]M+', 'Y': 'FYFMFMYF'}",90,0
WK,"{'F': '-', 'U': 'NKCU--', 'C': '[CK]F', 'N': '-', 'W': '[]FFK-N', 'K': '[U]KFWN'}",36,1
DI,"{'F': '[]J[D-G]J', 'D': '[[G+]J]', 'I': 'O[F-]G+DO+', 'J': 'G[O-]J', 'G': '+GI', 'O': 'GO-OF'}",36,2
FX,"{'F': 'F+FEE-', 'E': '[[[]]]--', 'X': '+'}",45,5
LFL,{'F': 'FFF-FLF'},90,9
OFZ,"{'F': 'ZOF[OFF]H', 'Z': 'OHF', 'H': 'M-OF-HFFM', 'O': '[O]FOMMM', 'M': 'ZFHM'}",132,2
FS,"{'F': '[]NFFI', 'S': '[[]+[]]SSFIF', 'I': 'FF[F]', 'N': '+F'}",45,0
NU,"{'F': '[C]UUN-', 'N': '-CFNF+N+', 'C': 'FUNU', 'U': 'F-U[+-CC]+'}",60,3
FBR,"{'F': '[[X]-P-F[]P]', 'P': 'RFFF-', 'B': 'F', 'R': 'XBBF+-N-+', 'X': 'FRBFX', 'N': 'XP[BRFFN]'}",175,15
LY,"{'F': 'YYFLXL', 'X': '-[+Y]Y', 'Y': 'F', 'L': 'LFF+F'}",60,1
ISFF,"{'F': '[]G', 'W': 'WFII-++F', 'G': '[FW]+-SIG', 'I': '[I[]F-W]F', 'S': '[+F]S-F[G]'}",14,10
THQQ,"{'F': 'HHQ', 'H': 'FVV+', 'O': 'T-FH+QQQ', 'Q': '[O]', 'T': '+O-OQ++O', 'V': 'FFFHQ-TTQ'}",60,4
CCQ,"{'F': '[FQ]F', 'N': '[FQQ]', 'Q': 'S[[F]]NS', 'S': 'CS', 'C': 'QSFFS--Q'}",36,3
FRZR,"{'F': '[][F]R-R', 'P': '[[]]', 'L': '-', 'Z': 'PFP-ZFPPF'}",45,1
A,"{'F': '--A-FA+FF', 'A': 'F'}",45,1
K,"{'F': 'KFZZ[U+C]', 'K': 'CFKUZK', 'U': '[[]FC]ZZ', 'Z': '-FZFC', 'C': 'CUK'}",45,1
FYDS,"{'F': '[]FY', 'Y': '+Y-SFA', 'D': 'FSA+--FF', 'A': '++-FSFSYY', 'S': '[F[S]]DY'}",36,2
X,"{'F': '++FOXF-', 'X': 'FOF-+OFF', 'O': '[O]+O+[XFX]'}",191,2
J,"{'F': '[F[]E]-', 'E': '[F]', 'J': '[E-EF]JEE'}",36,0
FFFD,"{'F': 'FDF+', 'D': '-F[D]'}",269,6
T,"{'F': 'TDFKFS', 'K': '+KS-', 'T': '+F', 'D': 'HK[FK+]SF', 'S': 'SHDF', 'H': 'TT'}",60,0
FJPJ,"{'F': '+FPFFF[F]', 'U': 'FJJ', 'J': '[]+P+-FF'}",90,2
FQQF,"{'F': 'F', 'Q': '[[]F]Q+', 'C': 'FCF[+Q]C'}",90,1
EEE,"{'F': 'E', 'E': '-[M[]F]F-', 'M': 'F'}",45,2
B,"{'F': 'O', 'B': '+F-[-]OB+B', 'O': 'EF+'}",36,1
SFG,"{'F': 'RG[F]-', 'G': '[]FFYGSR', 'R': 'U', 'Y': 'GFFUR'}",60,1
OF,"{'F': 'X+F', 'B': 'X+---BX', 'O': 'O-', 'X': '[[]+OFFX-]'}",12,4
DFD,"{'F': '+', 'I': '-QFF', 'Q': '-+[QDGF]', 'V': 'V-', 'G': 'FGQ-', 'D': '[QFF]-FFG'}",45,0
FL,"{'F': 'FF+', 'L': '[+]+[-]'}",90,0
L,"{'F': 'LFN+++U-F', 'U': '+', 'T': 'L-F', 'L': '[[]]FUUT', 'N': 'FU-TU'}",36,0
S,"{'F': '+F[F]+--F', 'S': '[]F'}",90,2
YWRF,"{'F': 'YFR+H[-]Y', 'Y': '+F+W+FFR-', 'U': '[R]', 'W': '[H]RHFW+H', 'R': '[]Y', 'H': 'H-FH'}",90,5
CQCJ,"{'F': '--FFJX-FF', 'J': '[[-]]', 'Q': 'CXFJF', 'C': '[J]F+JC', 'X': 'CQX-'}",36,2
B,"{'F': 'FRRFFBFHH', 'H': 'B[BR+A]F[H]', 'A': 'FRJH', 'B': 'RB-F', 'J': 'BAFR[B]+B', 'R': '+R'}",34,0
T,"{'F': 'D', 'T': '-FD-+', 'J': 'H+H+', 'H': '[FTJ]F+TF', 'D': '[][+J+]JFTF'}",45,1
WQQF,"{'F': 'QN-W', 'N': '+WN', 'Q': '[NFF]', 'W': '[Q]NFF'}",316,0
YFT,"{'F': '-', 'W': 'FYF+-[F]+', 'Y': 'TY-T--', 'T': 'YFFF-T'}",90,1
AFAJ,"{'F': '--', 'J': 'A[ALF]-J', 'L': 'GF-FGAA', 'G': '-+JFAFA', 'A': 'L[F+[]LJGL]'}",233,2
FJJF,"{'F': 'F[A[J[JA]]A]', 'J': '[]J+F', 'A': 'AFF+-JJ'}",60,0
TF,"{'T': '[[]+]XFUXP', 'X': '[]GU', 'P': 'FTT-', 'G': 'UP', 'U': 'PP'}",198,0
I,"{'F': '[[]]FIFIF', 'I': '[I]F+'}",45,1
ZFTP,"{'T': '[-]', 'Z': '[ZP][R+T]FF', 'R': 'PFTZ+-+', 'P': '+TF'}",60,1
ZZMF,"{'F': 'FPMP[P]+++', 'Z': 'F+MF[M]MF', 'M': 'MF-F-M'}",45,2
FZ,"{'F': 'Y[N]FZNF', 'Y': '++', 'N': '[Q-[+]]', 'Q': '-Q+Z', 'Z': 'CC-YN'}",60,2
VZZ,"{'F': 'ZV+Z', 'Z': '-F+', 'V': '--FVF'}",36,0
HFMM,"{'M': 'HG+F', 'G': '-+H+GG', 'H': 'F-+F'}",157,8
HDDH,"{'F': '[FD]H+', 'H': 'K[+FFFH[]]F', 'K': '[]FFK-H', 'D': 'D-F+'}",45,3
W,"{'F': '[[[+]]]FFW+', 'W': '+F[+]F'}",60,1
QMLM,"{'F': 'M[+][Q+]', 'L': '[Q]M', 'M': '[F]F+FFF'}",90,0
SSFF,"{'F': '[-]FS+F-F+', 'S': '[[]-S+F]++'}",45,1
SS,"{'F': '+S-[-]S', 'S': '+[FSFF]-FF'}",45,1
CCF,"{'F': '[]+-FG-+-G', 'E': 'F[GEG[G]]+F', 'G': '[][-F]', 'C': '[F]'}",90,1
K,"{'F': '+JEGB', 'E': '[]E+GFKFGG', 'K': 'BBBKGJF', 'B': 'KK[FB]JJF', 'J': 'BKKKBF', 'G': '+[B-]F'}",90,3
TFT,"{'F': 'F-J-[F]G', 'E': 'F', 'N': '-F', 'J': '[J[FF]]-F+', 'G': 'JEE'}",167,4
FB,"{'F': '[[+]B-]QBQF', 'T': '-+FTB+FBB', 'B': 'TQ', 'Q': '+'}",36,0
JCHH,"{'F': 'H++C', 'H': '+CFFFF+J', 'C': '-+H+-'}",319,0
O,"{'F': 'M', 'O': 'U--F', 'Y': 'UFUUY', 'U': 'FF--Y'}",45,1
HFH,"{'F': '[[]]--FX', 'H': '[FX]H+', 'X': 'FFXH+H'}",36,0
B,"{'F': '-MM++ED', 'B': 'BE[+]GFD-G', 'E': 'EEFG+G+DG', 'G': 'DDG', 'D': 'E', 'M': 'M+-EE'}",138,2
KKK,"{'F': 'J', 'J': '[]+R', 'K': 'RFF', 'L': 'J-LRKFR', 'R': 'LRJ-J'}",90,4
P,"{'F': 'P+O[OE[F]]', 'M': '+O[VPPF]M', 'V': '++MFVOF', 'P': '[P]F', 'E': 'FE-+M++-', 'O': '[M-]'}",352,2
CFF,{'C': 'CF--F--'},90,0
YYQ,"{'F': 'FF', 'P': '[JPPFFYF+]', 'Q': '[FJ-]', 'K': '+-PQPFF-', 'Y': 'FFP++', 'J': '-YQKF'}",60,1
NN,"{'F': 'E[+]SE+FEX', 'X': '+', 'E': '+F++-NF', 'S': '[]+S-NNN', 'N': 'H+SHFEF', 'H': 'FF'}",60,1
FRFF,"{'F': '[]FFFF+', 'R': '[]R+F'}",45,1
MXE,"{'F': '[+U]', 'U': 'FEX', 'J': 'X[JU]EJ', 'M': 'U[JF]M+F+', 'E': 'M-FUF', 'X': '[]UFXEEF'}",4,1
Q,{'Q': '[]QF+Q+'},60,2
LHQL,"{'F': 'HLLUFQQE', 'H': 'F[E]', 'L': 'EFU', 'E': '-UQ', 'U': '[F]L[-F]', 'Q': 'FLHEUH'}",90,2
TFT,"{'F': 'M[F]', 'M': '[]+-FTBBM', 'T': 'F[[FF]UTT]-', 'U': 'FT-U', 'B': '[F]UMUT'}",36,3
FC,"{'F': 'F', 'U': '-+', 'J': 'C+', 'C': 'JJFU-', 'E': 'F-[FEVF]E', 'V': '[J]JF-F'}",60,0
AFA,"{'F': '[A]-AF-A', 'A': '[+-FF]F'}",191,1
M,"{'F': 'F-', 'M': 'MEWEWW', 'E': 'WB', 'W': 'IWIFME-', 'I': '-[BIM]+', 'B': 'W-W-WE'}",45,4
Y,"{'F': 'M', 'M': '[[[M]]+[]]F', 'Y': 'M-MYF'}",36,1
FI,"{'F': '[[]S]SF-', 'I': 'IF', 'S': '[+-]I-FF'}",45,0
RFF,"{'F': '--F+RR-', 'R': '+-RR[F+F]R'}",200,0
IE,"{'F': 'F[FFFIE]F', 'I': 'FII', 'E': '[[FE]F]+EFI'}",186,1
S,"{'F': 'B-V-DB', 'Q': '[F]V-B-', 'S': 'F-SVS', 'D': '[[VD]]FD', 'V': 'FDSSD-QSF'}",90,0
SQQQ,"{'F': 'QQ[+-]', 'Q': 'F-[S]-F+F', 'S': 'S-F'}",224,1
GG,"{'F': 'T', 'G': 'FP+-', 'P': 'T++TFG', 'V': 'FXG', 'X': 'PVF+', 'T': 'TF+'}",83,0
OOOJ,"{'F': 'PPJOJF+', 'P': 'O+YFJPOYJ', 'G': 'YFFFPP', 'O': 'O', 'J': 'GFPP', 'Y': '+O++O+GP+'}",90,6
VPP,"{'F': '[OF]-', 'O': 'P', 'C': 'V-', 'V': '[V+-O[]OC]O', 'P': 'OFFFP-PP+'}",45,6
AFZ,"{'F': '-F', 'R': '+F[R-]', 'A': '[F]-ZAFF-', 'Z': '-A'}",60,1
HKF,"{'F': '[-]B+', 'B': 'BQ+FB'}",60,3
TXX,"{'F': '-F+J-', 'J': '+TJP', 'L': '-LTT+-', 'T': '-+TTFJX', 'P': 'XFT', 'X': '[]PFPTX'}",90,3
FMW,"{'F': 'X+-[XQ]F', 'M': 'QQXXXQ--', 'X': '[M]-F-WMX', 'Q': 'FY', 'Y': 'FFMXX', 'W': '[[-]M[]WY]F'}",90,4
TFR,"{'F': 'TA-VA', 'A': '+', 'T': 'VTV+F', 'G': 'F-[-]FG', 'R': 'G'}",36,30
QQ,"{'F': '+-QF-F', 'Q': '[]F'}",36,2
XFA,"{'F': 'F-XF', 'X': '+F--DAXO', 'A': 'ODDAFX', 'O': 'DXXA', 'D': 'FDO+X+F'}",211,2
FF,"{'F': 'H', 'H': '+++HF+-'}",60,1
REFA,"{'F': '-FR+', 'R': 'FA', 'E': 'ERAZ+R', 'A': '[-]Z+RZE+A'}",60,3
RT,"{'F': 'THLF+L', 'R': 'C', 'L': 'HFT-L', 'T': 'FFTFTFFLF', 'H': '[R-]'}",45,0
HOC,"{'F': '[]OCRRRCF', 'O': 'RFRH', 'C': '[]C+O', 'R': '[[[]HFF]-]C', 'H': 'C+FRR'}",60,1
KFK,"{'F': 'KJ[J[]]F', 'K': '[]J+K[F]', 'J': '[K]K-'}",305,2
GA,"{'A': 'FFFGGF--', 'E': 'FE', 'D': '-+F', 'G': 'DE++', 'N': 'GEF'}",45,0
FFEE,"{'F': 'D-', 'D': '[E]+F', 'E': '-F-FDFDF'}",45,3
FFFS,"{'F': 'FS-', 'V': '-FF', 'S': 'FV'}",90,1
FW,"{'F': '[W]++-FZWF', 'Z': 'WWF-', 'W': '[F]FZW+FFZ'}",90,0
FK,"{'F': 'U-T', 'K': 'J', 'J': 'JF', 'P': 'T', 'U': '-P', 'T': 'PPTJ'}",36,0
FFF,"{'F': 'FH[+[]]', 'H': 'FH--'}",90,0
NNNF,"{'F': '-[F]FF', 'N': '-N[F]FFFF'}",60,0
QPP,"{'F': 'P[[+FQ-M]F]', 'M': 'KF+M-MPKP', 'P': '+PF', 'K': 'Q-M[MF][QF]', 'Q': 'F'}",45,5
FENY,"{'F': 'MF', 'Y': '[]BBM', 'N': 'F[++Y]N-F', 'B': '[MFM]', 'M': '+FBN++'}",60,1
WV,"{'F': '[W]VFF', 'V': '[F]V', 'W': 'V-', 'J': '-D-VFW', 'D': '[VW]'}",90,0
E,"{'F': '[[]HN]', 'N': '[[]]C', 'H': '[+]N', 'E': 'E[CEN]F', 'C': 'FC++CFE'}",90,0
FCDQ,"{'F': 'PD[FF]P', 'C': '[F+]+PC', 'H': '+P', 'Q': 'F+DHPF', 'P': 'HF+', 'D': '-DFD[+HP]'}",226,1
D,"{'F': '[]FZFVZ', 'Z': '[FF]', 'J': '[F]J', 'V': '+J', 'D': 'J+FFJDV-Z'}",351,0
FD,"{'F': '[DU]UF', 'Y': '[]+YF', 'U': 'FYU', 'D': 'UD'}",36,0
G,"{'F': '[]OG-OO+F', 'O': 'O-FFG+G+', 'G': 'OG[FP][-+P]', 'P': '[]G+'}",36,1
WFFF,"{'F': '[F]F+-F', 'W': '[F[]W]-F+W'}",36,1
K,"{'F': 'KDF[+]', 'K': 'K-F--', 'D': 'FUF-DK'}",45,1
UHBU,"{'F': 'HBFUU', 'H': '[+B]M-', 'B': '+', 'U': 'JFF-F', 'J': 'MBMFFFFFJ', 'M': 'UFFF[F]B'}",45,1
FFFV,"{'F': '+--FFV++-', 'C': '[[[][[]]CF]+]'}",45,0
WW,"{'F': '[F+[F]]--', 'W': '[[]]FFFF'}",334,2
LLGD,"{'F': '+++QFF+-', 'D': 'F', 'Q': 'D[GG[[F]+]]F', 'G': '+F++'}",45,1
PW,"{'F': 'F+F-W[OO]', 'G': '[FF[-]FOJ-]', 'W': 'OPGG', 'O': '[]J--F', 'J': '[G]OF-'}",61,0
VFN,"{'F': 'ZZ', 'V': '[Z]GVVT', 'Z': 'T', 'T': 'N[FG]', 'N': 'TV[--N]', 'G': '[]+F'}",90,0
NF,"{'F': 'FN[FF]B', 'M': '[]FF', 'N': 'B', 'A': '+F+MM', 'B': '[M]+N', 'Y': '[YNAM]A+B'}",60,3
WEEW,"{'F': 'A', 'X': '-AEL[EE+]', 'L': '+WX[-WX]', 'A': 'F', 'E': 'WFL+-L-F', 'W': '[]'}",90,1
KY,"{'D': '[[]-D]FKFK', 'K': '+K', 'L': '[]KFD-FL+', 'G': '-+', 'Y': '[[L]-]GLG'}",36,3
IFF,"{'F': '+', 'I': '[+V]F[F]-F', 'V': 'V[[+-II]-F]'}",200,5
W,"{'F': 'FFSLFF-', 'W': 'U[-]UF+F', 'U': 'W[FSS-]+S+', 'S': '-LNFWF', 'L': '[UF[F]W]L'}",36,0
OF,"{'F': 'B', 'O': 'A[F]B-AA-', 'A': 'GF', 'B': 'O[GF-[]G-]', 'G': 'FFFAB-FFF'}",60,1
HHRR,"{'F': '+FHF++', 'Z': 'Z[+R]ZF', 'H': 'FF++ZZ-'}",36,5
PY,"{'F': '[]RFFRP-+-', 'Y': 'R', 'R': '[]RR+RF+P', 'P': '[F-P]F'}",45,0
FEE,"{'F': 'FE-F++-F', 'E': '-'}",60,17
EYF,"{'F': '[]E-', 'Y': '-', 'E': '+[F]FF'}",47,1
M,"{'F': '[-]F', 'M': 'F[U]U', 'D': '[-[]FFDUM]F', 'U': '[[D+]-F+-]'}",45,6
ZZM,"{'Z': '[[[][F+Z]FF]]', 'M': '[[]]F'}",90,2
FFC,"{'F': '[]+FF+FF', 'C': '+'}",94,6
JSCC,"{'F': 'FS--CSFF', 'C': '[SCFF[]F]', 'G': '+--+GJ', 'S': '-', 'J': 'CCFSFFF+'}",90,21
FFR,"{'F': 'F-', 'R': 'F--F+RFF'}",60,4
FFDD,"{'F': '[]E--', 'D': '-F-F', 'E': '[]D'}",36,10
ZEZZ,"{'F': '[[+FB]-B]', 'B': 'FFFZB', 'E': '[[]]+BF', 'Z': '[F]E[E[--]+]'}",101,0
FFFG,"{'F': '-G', 'G': '[F]GG--G'}",109,2
FLL,"{'F': 'F', 'D': '[-]L+', 'L': '[]FL+FD'}",45,6
FLFF,"{'F': 'L+-L', 'L': 'FF-'}",319,1
I,"{'F': 'IFPF', 'P': 'F-IZ', 'Z': '[K]-+-Z+FK', 'I': '[+]F+ZZK', 'K': '-[+]K'}",207,3
RR,"{'F': 'WW-+FE+-', 'R': 'FRRFE+', 'E': '[RFWR+]', 'W': '[]FFFE'}",60,1
DEF,"{'F': 'K-+--K', 'I': 'FKK+', 'A': 'FI[DKI]', 'K': 'F', 'D': 'ADE[AK]-', 'E': 'A+FADFFK'}",90,2
FBF,"{'F': '[]OZ', 'K': 'KZ', 'Z': 'FKZ', 'O': 'FZF--KOZB'}",158,2
S,"{'F': '[-][SS-]T', 'T': 'FF-FB+GT', 'G': 'G-[-FS]', 'B': '[T]FFS', 'S': 'BBGGFF'}",36,2
TJ,"{'F': '[]-[F-]+', 'J': 'JF+T++TF', 'T': '[JT+T]J'}",60,0
FFFJ,"{'F': '[[[-J]+F]][F]', 'J': '+F'}",60,0
FVB,"{'F': 'WF', 'T': 'W[-F]-D', 'W': '+F', 'D': 'V[BWFV]', 'B': '[][-TWT][-]-', 'V': 'FBB'}",236,1
BBB,"{'F': 'FFB-+++', 'B': 'FF[-F]'}",17,3
LF,"{'F': 'QF', 'L': '+IFI-[-LI]', 'Q': 'I[L]I', 'G': '[]', 'I': '[]-QGQ'}",60,1
H,"{'F': '+F', 'Y': '[]YFFYYFR-', 'H': 'HY', 'R': '[F]HH'}",36,4
AA,"{'F': '[]H', 'A': '[[[]F[]H]-FF]', 'H': 'A[FA-]FA'}",252,1
NGFX,"{'F': 'F-NNY+', 'Y': 'X', 'N': '-F+FGAGF', 'X': 'G[N]YF', 'G': 'G-', 'A': '[AAFNFY]'}",140,2
MJS,"{'J': '[MMFMFJ]-', 'P': 'F-+P', 'S': 'S', 'M': 'S+MP-MF+'}",118,0
OII,"{'F': 'N', 'I': '[N-]K', 'K': 'F-OFF', 'O': '[-]NII', 'N': 'NF+'}",60,1
F,"{'F': '-FU-FFF', 'U': '[+]FUF+-U'}",60,11
X,"{'F': '[LFX-+]X', 'C': '+CFRF[F]', 'X': '[XR]CCF-FL', 'R': 'FFLFF', 'L': 'XXF'}",36,0
VKF,"{'F': '+FB[K]', 'B': 'T', 'K': '[BB]+T', 'T': 'F[TFV]-FFK', 'V': '[B]TKTVBF'}",71,0
QQP,"{'F': '[+F-Q]FQ', 'P': 'F[P[F]]-FQF'}",60,1
Z,"{'F': 'FT+', 'T': 'F-+FGTF', 'G': '[FF]', 'Z': 'GGGG+TFGG'}",197,2
AFD,"{'F': 'FDF', 'D': '-+F--+', 'A': 'F'}",36,2
SSS,"{'F': 'S', 'S': 'FQ+', 'Q': 'FFQFF'}",162,1
FF,"{'F': 'F-+-BF', 'B': 'FF[+]-'}",90,5
FX,"{'F': 'FFFXWJX', 'W': 'JJJF', 'X': 'X-W-+J', 'J': 'F'}",90,0
RCFB,"{'F': '+RF', 'D': 'CF+D-', 'G': 'FF-C+F', 'B': 'C+CFF', 'C': 'GG', 'R': 'DD-FC+'}",90,3
FFNJ,"{'F': '[Y][P]NY-F', 'J': '-', 'P': 'J-', 'N': 'F+N+NYF'}",60,2
YCMY,"{'F': 'TFF[CM]', 'Y': 'TFFFM', 'T': 'E[FF+M]C+', 'C': 'FCFYE-', 'E': '-+[F]T'}",60,1
F,"{'F': 'S[FSSFFFF]', 'S': '[]F-[S+-F]-'}",60,3
FRRL,"{'F': '[[F]Z]+Z', 'A': 'LL--F-F+', 'L': '-LRF', 'Z': '[O]-AR+-R', 'O': '+RFRFZ', 'R': 'R+FFA'}",90,0
BG,"{'F': 'F+BF+FKF', 'G': '[[]]NFGF-', 'E': '[+F]N', 'K': 'EG'}",60,2
FDU,"{'F': 'F+', 'D': 'X-F', 'X': '[]FZZF', 'Z': 'DF-FZ', 'U': '+[[-F][DX]]F'}",36,6
RRF,"{'F': 'F-+[F]RF', 'R': 'F[R]-'}",36,4
K,"{'F': '[]-K[F]', 'S': 'CF[F]CSSSC', 'C': '[KKFK]DF', 'D': 'F[C[]CS][S]', 'K': 'K[FK+S]-'}",158,0
K,"{'F': '[-]N-', 'K': 'KKF+'}",127,12
OO,"{'F': 'L', 'O': 'ZL[LL]L', 'L': 'FF+-LOZ', 'Z': '-[LLFZZF]L'}",154,2
MI,"{'F': 'FIM+', 'L': 'ZDL+MDFF', 'D': 'MMF+LLD', 'Z': 'IFFDZLFFD', 'I': 'ZFM+D', 'M': '[L-F]MFDM+'}",15,0
LFF,"{'F': 'R[FA]', 'W': 'FFRFWA-', 'L': '[+W]L+F+F', 'A': '[-R-]+F', 'R': '[[+]+FW]'}",58,1
MZM,"{'F': '[MZF]MF', 'M': '+FF', 'T': '[FFFT]--TT', 'Z': '[T[+]]TFTZZ'}",90,3
WPFZ,"{'F': '[]FZ', 'N': 'Z', 'W': 'F-+FFWFN-', 'Z': 'FF+ZFZP+W', 'P': '[[F]]FPFFN'}",25,1
X,"{'F': 'Y', 'Y': 'PY-Y', 'Z': '[F]+F-X---', 'X': '-L', 'P': 'F+L', 'L': 'XFYF+ZY'}",102,1
JJJV,"{'F': '+[J]F', 'V': '[]F-F', 'J': '[-[[]]FF]'}",36,1
CFKV,"{'F': '[+]F', 'K': '[V]VCBKFFR', 'B': 'BFFFBV', 'C': '[]B[B][CBRR]', 'R': 'FBCVCK-'}",60,1
SYSY,"{'F': '-FGA', 'Y': 'FFY', 'G': '+YFYF[AY]G', 'A': 'A[S]F'}",90,3
NF,"{'F': 'F', 'N': '-L', 'L': '[B]-NBNL+F', 'B': 'LB-[FL]F'}",36,2
DD,"{'F': 'D[FD]-F', 'D': 'FDD--+'}",60,2
FWF,"{'F': '+[T]F', 'W': 'T', 'J': 'F-GTF', 'G': '[FT]GW', 'T': '[T[+F]]GG'}",162,0
AF,"{'F': '++AA', 'A': 'F++F--AFF'}",336,0
H,"{'F': 'FH+', 'H': 'FHY', 'Y': '[[]]'}",60,5
TLLB,"{'T': '[+]BLB+', 'L': 'L+FFF', 'B': '+'}",235,0
GXXX,"{'F': 'X-FIFA+GG', 'I': 'X-+F', 'A': '[[]FFXI-X]A', 'X': '[F]', 'G': '[]-'}",60,1
FFF,"{'F': '[Q+-]-QF+', 'Q': '[+][F]'}",36,2
FOK,"{'F': 'HKPO', 'R': '[PK]+O', 'H': 'HK--FR-R+', 'O': 'P+PHF', 'P': '[]', 'K': 'R-PF+FP'}",45,1
FZXJ,"{'X': 'ZFJF-FF+', 'Z': 'XX-', 'J': '-'}",166,21
FGFF,"{'F': '[]FGF++', 'G': '[]-FGFG'}",45,0
YYY,"{'F': 'FYY[YF]U', 'Y': '+FU[F]', 'U': '[]FFFFF'}",197,3
FPFP,"{'F': 'PFF-HF-', 'H': '[F]FP-', 'P': 'FPHF-'}",134,2
I,"{'F': '[[G]]', 'G': '[[F]]+FGU', 'U': 'FFFUFG', 'I': '[[[]]UG]I'}",45,2
RA,"{'F': '[F]AA', 'T': 'T[T]N', 'N': 'T[T]FF+F', 'R': '[]', 'A': 'NTT'}",287,2
IFDX,"{'D': 'D[F]', 'I': 'X+DIF', 'X': 'DI-XDF'}",25,2
VFFF,"{'F': '[]AFF-', 'A': '[]F', 'V': '[+[-F]AV]+'}",45,0
FCCF,"{'F': '--FF', 'C': 'FF[+]FC'}",45,1
FC,"{'F': 'RVDC--', 'R': 'CI[R]FFDF', 'C': '+[FCCC+]', 'V': 'IV', 'I': 'FD[F]FFR', 'D': 'CDVIF+'}",45,1
FFL,"{'F': '+[[FL]+L]F+', 'L': '[[]F]'}",36,0
F,"{'F': 'DQFF[-QF]F', 'D': 'F-', 'Q': '+-DDFF+-'}",36,3
QYYL,"{'F': 'Q', 'L': '+LFLF-F', 'Q': 'QFFYY', 'Y': 'FQF+'}",274,3
LMFM,"{'F': '[]FMF', 'L': '+FL-[V]FM-', 'V': 'MMF'}",60,1
NQTN,"{'F': '[]+', 'T': '++N', 'Q': '[[]]Q', 'N': 'N[+N-[]NQF]'}",174,2
IFF,"{'F': '[I[]+I]+', 'I': 'DID-IFF', 'D': '[+]'}",36,4
NKF,"{'F': 'F[FN+FFQ]F', 'Q': 'QKNQF-F-', 'N': 'KFF', 'K': 'F-[+K+[+]]'}",304,1
II,"{'F': 'F-F', 'L': '[[]LI+I]IF', 'I': '[[F]]-'}",90,0
WXFB,"{'F': 'X[W]F', 'B': 'W', 'Q': 'Q', 'X': 'XQ-[-XF]'}",60,1
XFH,"{'F': '[F]F', 'H': 'FFF[-HFWF]', 'X': '[[]]XFXFWX', 'W': '[+]WFWXX'}",306,1
V,"{'F': 'F', 'V': 'YFV', 'Y': '[+F]FV'}",45,0
O,"{'F': 'A+G', 'A': 'NE+F', 'O': 'F-A', 'E': '[]G', 'G': '[N]A-', 'N': '[-]AN-N'}",90,3
JBU,"{'F': '-UB[F]JNUX', 'X': 'BXF+', 'B': 'FJXFFFJU', 'U': 'UNUJN-', 'N': 'B[J]+-B'}",90,0
PI,"{'P': 'F+P', 'L': '[]F', 'I': '[F]P+FP'}",88,5
DGGG,"{'F': 'FFD', 'G': 'FFFGG++', 'D': 'GD+FF[G-D]'}",36,0
FKFK,{'F': '-FF-KF-'},36,1
FMKK,"{'F': '-MFK+F', 'M': 'KF--', 'K': '[]'}",60,0
FMB,"{'F': 'BBF[+]M+F', 'B': '[[+]][FF]FB', 'M': '[F-]-FF+F'}",60,1
RWFR,"{'F': 'W', 'W': 'CS', 'S': '-+-CR', 'C': 'FF--S+', 'R': '[[+C]FF+SF]'}",45,3
D,"{'F': '-RG+FQ', 'Q': '-[IF-]DFGQ', 'G': '[[-]R]F', 'R': 'Q-[F]FFIDG', 'D': 'FQFD+F', 'I': '[+]QGF+DI'}",unknown,0
OM,"{'T': 'OFOTF[F[]]O', 'M': '[T]T+-F+FM'}",90,1
DLF,"{'F': '[-FY]DDDYY', 'L': '+YY+FY', 'Y': 'F', 'D': 'HHYFF'}",181,2
FFZU,"{'F': '+ZZ', 'V': 'FF-ZFU', 'Z': 'VZ', 'U': '[[F]-U]F'}",60,2
F,"{'F': '-M+MF', 'Q': 'M', 'M': 'FFF+QF'}",90,2
N,"{'F': '[[L]]-LHYN-', 'L': '[YH+LMLF]-', 'M': 'M', 'Y': 'YYF', 'H': 'FYHYHMF[M]', 'N': 'F'}",45,2
BCCH,"{'F': 'F+[B-F]', 'C': '[[]CH]-F', 'H': '[]C+-FH', 'B': 'F+B'}",36,4
NK,"{'F': '+FN-FNKF+', 'C': 'FF++', 'K': 'NK+F+N-F+', 'N': 'N'}",175,2
HH,{'H': '[+-HF]+F'},36,0
PFF,"{'F': '[]--FF+', 'P': 'F--+'}",60,8
KUUF,"{'F': 'N--UKNR', 'L': 'N+-N++', 'R': 'LLFF+LK', 'K': '+F[U]+U-R', 'U': '[]L+L', 'N': '+[N]LF'}",36,1
W,"{'F': '[W]-+FD', 'S': '[+D-+S+F]', 'W': 'SFF'}",60,2
FFYF,"{'F': '[]YY', 'Y': '+FF+F-', 'A': '+'}",60,7
NN,"{'F': 'F-F-NF+N', 'N': '+FF++-'}",36,1
F,"{'F': '[[C]]MF+-+', 'C': '[--]+++', 'M': '[--]+F'}",120,3
YWI,"{'F': 'WYWY', 'U': 'WAUUAFAFA', 'W': '+FFFFF+', 'Y': 'FAU', 'A': 'W', 'I': 'UA[YI+]FFA'}",257,1
EE,"{'F': '+E[EE+--]-', 'E': '-+F[F-]F'}",116,0
VVC,"{'F': '[LLF---+]', 'C': '++FF', 'L': '[]', 'V': 'F+-LVVF'}",289,0
URF,"{'F': '[[-]U[]O+]', 'U': 'FFF+U+', 'O': 'FC[F+O]I', 'R': 'IFCF++C+', 'I': '[]+F-', 'C': '--'}",90,0
IC,"{'F': 'CF+FF+IF', 'H': '+FF-', 'C': 'CC[FC]'}",60,5
U,"{'F': 'F-UFFF', 'U': 'FU', 'S': 'FS+FFF'}",90,0
IQ,"{'F': 'B+INQKBFQ', 'B': 'IN+KF', 'N': 'NFINF', 'K': 'FQF-I-F+F', 'I': 'KQ'}",60,0
LW,"{'W': 'FYFYL+W', 'Y': 'L-FLWYF-F'}",36,0
F,"{'F': '[[]]FF-FV', 'U': '+FFF-Y+', 'V': 'V+Y-F', 'Y': 'C', 'C': '-CFCY'}",90,1
FFF,"{'F': 'Q+Q', 'O': '[FO-]FOFF', 'Q': 'FQF'}",60,8
QPWW,"{'F': '+ZWFZFQ', 'Z': '[[][F]]F', 'Q': 'ZF[ZWF]-Q', 'H': '[FFQ]ZFH+'}",45,2
DS,"{'F': 'F[D]F-YSFF', 'Y': 'FAFF', 'S': 'SD+', 'G': '+FA', 'A': 'S+SDGGD', 'D': '[][-]DF'}",34,2
Y,"{'F': 'F+QQ[FZ]Y', 'G': '+[-+YFFQ]-', 'Y': 'G', 'Q': '[-Z-GQ]'}",90,0
RRF,{'R': 'R+F+R'},60,0
ZGRU,"{'F': 'F+[ZF]+D', 'R': '[]', 'Z': 'UF+', 'G': 'Z'}",60,1
JJ,"{'F': 'J', 'U': '[U]-', 'E': 'EFF', 'B': 'EBEEFUF-', 'J': '-EJJEFU'}",36,5
MDMM,"{'F': 'N', 'G': 'DGMGD-F', 'M': 'FFMGZ-', 'Z': 'MMG', 'D': '-ZN-'}",89,0
BAF,"{'F': '-+', 'B': '[AA+W-]B+', 'A': 'AF-FWW', 'W': '[A]A-+ABB'}",90,0
FVFV,"{'F': '+V-F', 'V': 'F++'}",110,0
VLVF,"{'F': '[]F', 'V': '[[]]VFFF', 'L': '[L]V+F'}",45,1
NQ,"{'F': '[QQFNNQ]Q', 'N': 'CCF+F++', 'Q': 'SCN', 'C': '[]++'}",90,0
R,"{'F': 'RR[F]++X--', 'R': '[]FXX', 'X': 'RX--F'}",36,0
FVVR,"{'F': 'VY----YY', 'D': '[RFV]YX', 'R': 'D-FV', 'Y': 'F+'}",90,0
DS,"{'F': 'TD-F', 'D': 'SF-T+DS+F', 'T': 'TFSF', 'S': 'T'}",90,2
BROF,"{'F': 'F+BR+', 'O': 'ZFFZ-S[R]', 'Z': '-Z', 'R': 'FBOOF-', 'B': '[]F[OZ]S', 'S': 'R-ROOBR'}",200,2
GN,"{'F': 'IH[-GF]GFH', 'A': 'IFHFHF', 'H': 'HHFIA-', 'I': '[G[N]FF]', 'N': '+-F++IFN', 'G': 'A'}",90,0
S,"{'F': 'FSS+++FS', 'S': '+[S[[F]-+]F]', 'D': '[]++'}",45,0
ZPFP,"{'F': '[[]P]F+', 'Z': 'FZFZF+P', 'P': '[F+]+FVPZ+', 'V': '+[P]+VFZ'}",60,0
B,"{'F': '+V[VF]B+F', 'B': 'BF+++F', 'V': '+F-+[F]BF'}",36,0
FUF,"{'F': '++FF+FFF', 'Z': '-FZZZF'}",187,8
O,"{'F': '+FFF-+', 'I': 'FF+-', 'O': '[F-][-I+]+F'}",36,3
SFSZ,"{'F': 'R+FSZ', 'Z': 'R', 'S': '-', 'R': '[][-]CCZZF', 'C': '[-+C]RFZCF'}",90,3
FFF,"{'F': 'F-FS', 'S': '[FFF+]F+F'}",90,3
ZZD,"{'F': '+', 'Z': '[F]DZDZD', 'D': '[+-]D--ZD'}",36,1
VV,"{'F': '[[]-FV]+FVF', 'V': '-+VF'}",90,0
WVT,"{'F': 'WQ', 'Q': 'W-F', 'W': '[F-]QW+FVV', 'T': '[V+T]F', 'V': '[]'}",60,3
W,"{'F': 'FFW-TFFF', 'T': 'FF+TWFTWW', 'W': '+[F[+FT]-]+'}",18,0
FR,"{'F': 'F+F+-', 'R': '[]FFFRR+R', 'S': '++R+FFFF'}",225,8
MOM,"{'F': '[]PIFPF', 'M': '-MI+F-IM-', 'P': 'O[P][I]', 'I': 'I[F]FF+-OM'}",45,1
FFF,"{'F': '-FIIFFF-', 'I': 'FI'}",45,4
XAD,"{'A': 'X[AA+]DF-', 'X': '[]-XF[D]A', 'D': 'F-XF-DFA'}",90,0
LF,"{'F': '[O]L', 'O': 'FVFLLV-', 'L': '[]FOF', 'V': '[U]F', 'U': '-+FFFF-V'}",60,3
YYFJ,"{'F': 'Y++JKZOK', 'J': '[KKOZO-]', 'O': 'KKOOF-+', 'K': 'F[+OF]J', 'Y': 'ZZF[-Y-]', 'Z': 'Y'}",60,2
NJFL,"{'F': 'FL+', 'N': 'FFF', 'D': '[][JF--J]', 'L': 'JNUD-', 'U': 'F[DL]NLDL'}",45,1
H,"{'F': '[[]]FH[IL]FF', 'L': 'HF[+FC]C', 'T': '[LL++]', 'I': '[L]L', 'H': '--FTFTLCF', 'C': '[][T+]FTL-'}",unknown,1
HGIS,"{'F': 'S[H]-', 'H': 'GIF', 'S': '[[]F]', 'G': '--[++F]I++', 'I': 'IHSI'}",90,0
DI,"{'F': '[]--F[F]GG', 'D': 'F', 'G': '[]GG'}",90,1
DJVJ,"{'F': 'J+F-', 'J': 'DFF', 'D': '-', 'H': '[H+H]', 'V': '--+'}",302,1
IF,"{'F': 'F---F-', 'I': 'IFF[-]'}",45,0
FF,"{'F': '[+[-F]]J', 'J': '+J-J-F'}",248,2
ZT,"{'F': '++I', 'W': 'I+FZ', 'I': '--', 'Z': 'TF[FZ-F]+', 'T': 'ZF+-FZZ'}",46,1
WYV,"{'F': 'FZFYWFJWW', 'V': '+YWZ++', 'W': '[-]', 'Y': 'JJY+-', 'J': 'WFWF+'}",60,1
T,"{'F': '[]F', 'Y': 'T', 'N': '-NNF', 'T': '[NY]Y-FYF', 'E': '[N-E+]'}",204,1
SFBF,"{'F': '-BS', 'S': '-BFBSB-', 'B': 'F[BF]F-++S'}",162,1
VVFV,"{'F': 'Q', 'Q': '[F]Q', 'T': '[Q[FQ-]F]F-', 'V': '[[]F]F+QQ'}",60,0
V,"{'F': '[]FEEV', 'E': '[[]]FE', 'V': '[F]-'}",36,1
R,"{'F': '+FF', 'R': '[F[]R-]+'}",36,0
FFUU,"{'F': 'F+[[F-+-]]F', 'U': 'FFFFFUFU+'}",60,1
FHF,"{'F': 'LFFQ-', 'H': '[]FO[FHQ]', 'Q': '[[]-F]', 'O': 'Q', 'L': 'H'}",60,0
FCCL,"{'F': 'W+WL', 'W': '[[FFF]F]+', 'C': 'C+F', 'L': 'WC'}",38,3
J,"{'F': 'NPF', 'P': 'W[[P]]N', 'N': 'JNKN', 'K': '-PKP+F', 'W': '-N', 'J': 'FNJNKPPN'}",260,2
FHSM,"{'F': '[M]F-FSHFG', 'H': 'UUS[+-M]FF', 'M': '[++F]', 'U': '-GHFF+M+H', 'G': '+-+GFF'}",135,1
FO,"{'F': '-+O', 'O': 'YF-FMOO', 'Y': '[[M]]YF'}",295,1
F,"{'F': '-+-A', 'K': 'FKK', 'W': 'FKFKF-A', 'A': '[[]]WKF'}",90,1
AMO,"{'F': '-O+FO', 'A': 'A', 'D': '[[]-TDFF]OD', 'M': '[F]', 'O': '+--F', 'T': 'A+FTF'}",35,0
NX,"{'F': 'FXF+[-]FF', 'N': 'FF', 'X': 'NF-PP[-]', 'P': '+-'}",36,1
F,"{'F': '[S]', 'D': 'P-PF-', 'P': '-N', 'S': 'F+[PU-]N', 'N': '-', 'U': 'S-NNF'}",90,2
FYF,"{'F': 'YF+F-', 'Y': '[-[[-]]-]Y-+'}",90,6
E,"{'F': '[V]EGVDF', 'V': 'GGDE', 'E': 'VD+F+E+', 'G': 'EF[FFV]FD'}",36,3
XHF,"{'F': '[H+R+]', 'H': '[R]LR-TL-+', 'T': 'L--X', 'R': '-RFXFX', 'L': '+L[TH]FF', 'X': 'FRF+'}",281,1
GFL,"{'F': 'L+-FJFFG-', 'J': '[[G]G]NN+', 'L': 'F', 'G': 'F', 'N': '-FL++'}",60,1
LFA,"{'F': 'L-FFAAA', 'O': 'FOW', 'W': '-F-+', 'A': 'WAO'}",45,1
IF,"{'F': 'F[F]F', 'I': 'F[-[F]-]I'}",60,2
PPXV,"{'F': '[[F]]XVPFX', 'X': 'FFFF', 'P': '[]', 'V': 'X+F+'}",36,0
H,"{'F': 'VFTV', 'V': '[-[+]HF]', 'K': 'H', 'H': 'FFV[-K]VHH', 'A': 'AHF-F+', 'T': 'A'}",60,1
BOW,"{'F': '+B[O]', 'H': 'H+[WW]BH', 'O': 'HB+OU', 'W': 'UFWF-F', 'U': 'U[[H]FOB]'}",107,1
BTXM,"{'F': 'TTBFX', 'M': 'F', 'X': '-MB', 'T': 'BF-T-X', 'B': '+FT'}",36,1
WD,"{'F': 'D+', 'V': '[]FFW+F', 'W': '[-]FFD', 'D': '+F-DF+-'}",36,1
P,"{'F': '[]F-', 'B': 'F-', 'L': 'FFFPL', 'Q': 'Q+QPQ-P', 'C': 'C--', 'P': '[Q-]F'}",45,0
JJFC,"{'F': 'JF', 'E': 'FDFDJJJD', 'H': 'E', 'C': 'F-FE', 'D': 'HHCF', 'J': '+HCC'}",36,0
UU,"{'F': '[[[U-]CF]F]+', 'C': 'C', 'T': 'FC', 'O': 'UF[TO]O', 'U': 'FOC[U]'}",288,1
FGFO,"{'F': '+GF+FOF++', 'O': 'GO', 'G': '[[[F+G]F+F]]'}",45,3
OO,"{'F': 'O-FGR', 'O': '+FFFFR+G', 'G': 'F', 'R': 'F', 'H': '[]'}",24,2
LF,"{'F': 'DF+LD-VV', 'L': '-F', 'D': '-', 'B': '-[FVFVDB]', 'V': '[[]LL]DFFLV'}",90,1
DD,"{'F': '-D', 'D': '-YF-FDF+-', 'Y': '+Y[D]'}",122,2
VFVV,"{'F': '[N]', 'N': '[-VV]-F', 'V': '[]VFN++'}",36,1
DDNN,"{'F': 'ZOFD', 'N': '-FF', 'B': '[]BFBDNF', 'D': '+BDD[FF]F', 'Z': '[N]+D-Z', 'O': 'ZBDN'}",45,0
LHMH,"{'F': '[-L]I-I+', 'X': '[][H]ILHM+I', 'M': '[[]L-]+', 'L': '+MMMMH+F', 'H': '[LF]--MF', 'I': 'M'}",unknown,9
FRPG,"{'F': '[R-DG]D+D', 'G': 'R[F]', 'D': 'F+PRR--', 'P': '+', 'R': 'GFDPDDP+'}",36,1
RRRR,"{'F': '[FFF+]-', 'D': '[R]R+F[F]', 'R': 'R-FFFR'}",36,2
RTFF,"{'F': 'FFF-', 'T': 'FFFF-GGR', 'R': 'GRRFR', 'G': '[R]T'}",45,0
C,"{'F': 'QWW', 'C': 'WFWCW', 'Q': 'CFQ', 'W': '+F'}",36,1
FL,"{'F': '[[[]]FF-]KC', 'C': 'K', 'B': 'F', 'K': 'CCKB+FBLF', 'L': 'F'}",90,1
PE,"{'F': 'FNPI[[--]]', 'P': 'FON', 'E': '[E--EF]-P-', 'N': 'F+[O]-FFOI', 'I': 'FPN', 'O': '[E]'}",36,1
FFV,"{'F': '[F+]-JVV', 'J': 'FJ', 'V': '[]F+-++-'}",90,2
B,"{'F': '[GB-G]+-', 'C': '[[]]+MBGB', 'B': 'F-GBMH-B', 'H': 'HMMM++M-+', 'M': '[]G-HB+F', 'G': 'B[G]-BG'}",unknown,0
S,"{'F': 'F', 'S': 'SF--++S-'}",36,3
SSSS,"{'F': '[[+]]F-+', 'S': 'S-FS'}",321,9
F,"{'F': 'RF', 'D': '[S]IC+-I-', 'C': '[D]', 'R': '+-+FFIC', 'S': 'FS-S', 'I': '+'}",73,0
Z,"{'F': 'A+M+Z', 'I': '[]KAA', 'K': '[-Z][+KA]', 'M': '[K]', 'A': 'AZAAM-', 'Z': 'KA[IK]ZFFI'}",45,0
R,"{'F': 'WF', 'R': 'F-ZBBFZFF', 'B': 'WZFFBW-', 'W': '+-', 'Z': 'FWZB'}",90,1
FM,"{'F': '[[MF]HT]', 'M': 'FFFF', 'T': 'MT+F', 'L': 'YF-'}",60,0
HHH,"{'F': '[]+HFLJ+', 'H': 'D', 'I': 'JJ', 'D': 'F+-L', 'J': 'L', 'L': '[+J+]'}",45,3
LLOF,"{'F': '-F', 'O': 'FOLOOL+', 'L': 'F-F-+[--]'}",45,2
Q,"{'F': '-[F+FF]F', 'Q': '-F[Q]+-FF'}",90,1
FMM,"{'F': '+L-[FOF+]', 'M': 'R-RF', 'L': 'F+M-O-+', 'R': '[-]FFR', 'O': 'A-MFM', 'A': 'FFM+FOO'}",60,0
WW,"{'F': 'W[Z+F]', 'W': 'ZQWZYZF[Y]', 'Q': '+WQY+H', 'Z': 'YYHHZ-', 'Y': 'QH-ZWFW+'}",36,0
FFK,"{'F': '[C+]', 'C': '[]K+FFF+', 'K': 'KFFFKFKKC'}",45,17
FF,"{'F': 'KK[F]KRFK', 'Z': 'R+', 'K': 'FFZ[RRK]F'}",36,0
SFSK,"{'F': 'VV+SFF', 'K': '[S[V]]S'}",45,0
L,"{'F': 'A', 'L': '[-LF-[+J]]', 'A': '[+L-LJ]AF-', 'J': '[J]F-F'}",36,1
FFU,"{'F': '-F-U+-', 'U': 'F', 'W': '[F]UNF', 'N': '-[+F]WZ+WW', 'Z': 'WNFWWFU'}",45,0
CCFD,"{'F': '[]', 'T': 'L[F[]]', 'L': '[FCCCTFF]F', 'D': 'L[[F]-DC+]', 'C': 'LFFFF-'}",90,2
FB,"{'F': '+FB-[BFF]', 'Z': '[F+]ZB+FZB', 'B': 'Z[B][-F[F]B]'}",90,0
OO,"{'F': '[F]F+FFO++', 'O': '-[F-]+'}",90,2
XS,"{'F': 'FFX+', 'S': 'FF', 'Q': 'V-SFV', 'I': 'SS+FF-+X+', 'V': 'X', 'X': '+SQ++X'}",36,0
LDLR,"{'R': 'DRDFF+[R]', 'D': 'D-', 'L': 'F+FDFF'}",36,0
K,"{'F': '[[-]]F-FF+', 'K': '[]--F'}",45,0
U,"{'F': 'FFF+', 'U': 'UFF+'}",293,2
KFUK,"{'F': 'UFK+FFKFF', 'K': 'Q', 'Q': '[[W]F+F]', 'U': 'QUU', 'W': '-Q'}",301,3
FWU,"{'F': 'U+--U', 'I': 'WF-FUFF', 'W': '[I]', 'U': 'F-[M]F-F-F', 'M': 'F'}",217,10
KFF,"{'F': '[FF]+[KF+]+', 'K': 'FK[F+]F'}",36,3
BFI,"{'F': '-MX', 'M': '[[F]]-B', 'X': '-F[I]F', 'K': 'X[F+]B-F', 'I': 'F-X-F+I'}",90,0
ZUZ,"{'F': '[-]F', 'U': 'F[[[FU]]]ZAY', 'A': 'AZYY+Y++F'}",36,0
FHF,"{'F': 'F', 'H': '[T]FH-', 'T': '[[]]TTTF+'}",45,1
F,"{'F': 'TJWYY', 'W': 'W-WW', 'J': 'TYFW-J', 'T': 'JJ', 'Y': '[[]J+W]W'}",45,0
OUOL,"{'F': 'NF', 'U': '[[]]-UNLNLO', 'C': 'F-', 'N': '[]N+OCL+', 'L': '[C]', 'O': '[O]LC+[F]FF'}",36,2
FR,{'R': '+FFRF'},36,1
JA,"{'F': 'YQYFQA', 'Z': '[[+]]-+', 'J': '[Q]-+Z', 'A': 'AF+', 'Q': 'FFF-F+Q+', 'Y': 'YF-FYFJ'}",45,1
JF,"{'F': 'J[FF-+JJJ]', 'J': 'JFFF-'}",60,1
Q,"{'F': 'F--', 'I': '+[IQ]FIQF-', 'Z': 'Z', 'Q': 'IFFFF-ZF'}",36,15
D,"{'F': 'I', 'I': 'IFFNFD', 'D': 'DII+SFDF+', 'N': 'FN-IFDF+', 'S': '-SF+NIND'}",112,1
DDFD,"{'F': 'YTF', 'V': '+F', 'T': '[[]V][-Y]', 'Y': '[D-]FDF', 'D': 'FD+VF+YF+'}",58,0
FY,"{'F': 'FF', 'Y': 'FFS-SS', 'S': '-Y-F'}",45,3
OGFV,"{'F': 'P[F]+', 'G': '[V]VV-', 'V': 'GPVOFGP-', 'P': 'G[V]-+G', 'O': '-OPZFV', 'Z': 'GVPGZ'}",60,0
FAAP,"{'F': 'FAPWW', 'Z': 'P-', 'P': 'Z-F[A]'}",91,2
F,"{'F': '[L]', 'L': 'F[++L]FF-L'}",209,0
F,"{'F': '[]-FF', 'W': 'R[RRWR-]', 'R': '[F]'}",281,4
VVVF,"{'Z': 'VCFFV-+', 'V': '[]V[[-]F]-', 'C': '[FCF]+FF-'}",45,0
F,"{'F': 'FF[[FF]]-', 'K': '[[]]K[+F]FF'}",45,8
FH,"{'F': '+FHFYS', 'H': 'UH', 'Y': '[Y-]++F', 'S': 'Y++-'}",45,1
JFFF,"{'F': '[F[]]JF--F', 'J': '+J[F]F'}",36,2
U,"{'F': '-', 'X': 'R+[FNNNU]N', 'U': 'FNRX', 'L': '+FFL', 'N': '[-]RLNXUF', 'R': '[]-FNL'}",309,3
FSSU,"{'F': '-FU+', 'S': '[[F]-]--F-', 'U': '[UF]+'}",57,7
NEEQ,"{'F': 'CF', 'Q': '[+FEZ]Z-EC', 'N': 'ZFF[E]', 'E': 'QQFZEQ', 'C': 'NC+E-CE', 'Z': 'N--N'}",36,1
U,"{'F': '-BF-U', 'U': 'ZBURUBF', 'R': 'F--RF', 'Z': 'Z-WR', 'W': '++F', 'B': 'FBBWZ'}",34,1
FO,"{'F': '-+O-', 'D': '[]O++FD[M]', 'X': '++E', 'O': 'FO', 'M': '[]D'}",36,1
X,"{'F': 'FXPFFFX', 'P': 'F+', 'X': 'FP+F'}",60,0
LAA,"{'A': 'FA-LFFL', 'B': '[A]AFF-+', 'L': '[[]]A'}",191,2
RRRF,"{'F': 'R[F]FFR-RF', 'R': 'RF[F]'}",99,6
WZF,"{'F': '+HFF+FO', 'H': '+F-KFK', 'W': '[[]K-O]', 'K': 'HOF+', 'O': 'FFZZ-H-+'}",90,0
TP,"{'F': '[]', 'P': 'T', 'I': '[[T]]', 'T': 'P[-TF]II', 'R': 'ITPFI'}",36,0
ZZ,"{'F': '-[[-[]]-F]', 'Z': '[ZY]-ZFYFZ', 'Y': '[]ZF'}",36,0
RWF,"{'F': '[F]WVFCH+', 'R': 'VC', 'H': 'HC', 'V': '+-', 'W': 'RWFR', 'C': 'W-'}",74,0
PF,"{'F': 'P', 'P': '[FP-[P]]F'}",36,0
U,"{'F': '+HFUF', 'H': '[]F+UF', 'U': 'FH-'}",70,2
FGGF,{'G': '[][F-]GG+'},90,0
P,"{'F': 'MFMP+YM', 'Y': 'FPFMF-', 'M': 'F', 'P': '++FF+FMMM'}",60,1
BLW,"{'F': 'PBN++FW', 'N': '[-BF]PW+', 'W': 'F', 'B': 'L', 'P': 'L', 'L': 'LN'}",45,1
C,"{'F': 'L', 'C': '[KF-C]FL', 'D': 'DOF-KFO+F', 'K': 'DFKFFLDFK', 'L': 'LDLDLKDFO', 'O': 'FCKCDCKDO'}",unknown,1
MMFM,"{'F': '-F-FFF', 'M': '[[]F+]MF'}",272,2
LZ,"{'F': '[H]', 'C': '+H', 'L': 'F-CF', 'H': 'YCHFLFYF+', 'Z': 'C', 'Y': '[][C]'}",60,1
HO,"{'F': 'F++[F++]+D', 'H': 'D[DD]HDF+O', 'O': 'F+H[-]+'}",90,1
FFH,"{'F': 'H-FF', 'H': 'F+C+FHC+F', 'K': 'FFCKF[K-]H', 'C': 'KCCK'}",90,0
TST,"{'F': '+F-TF-SF', 'M': '[]S-TFF[+S]', 'T': 'FF-F+', 'C': '[]F', 'S': '-T[T][T-]'}",71,0
NCP,"{'F': 'N[X]F', 'N': '[[F-]]', 'X': 'PPX-FPFCX', 'C': 'FNP'}",255,1
FEAZ,"{'F': 'EEZ-', 'R': 'FE+', 'Z': 'FFA[RE]RZE'}",314,0
UKF,"{'F': 'KF', 'U': '--UF-', 'K': '+'}",90,0
MFE,"{'F': 'M+FF+', 'E': '[F[]NF]-', 'M': 'M'}",90,0
MU,"{'F': 'N+', 'W': 'NFF-U', 'M': 'F[+]MFN', 'N': '[W]N+WN'}",45,1
F,"{'F': '[+FF[-]]F', 'C': '-F-F'}",345,1
TBB,"{'F': '[]FF-DKFT', 'T': 'TD', 'D': '+F', 'B': 'D', 'U': '[B]'}",126,4
YPKF,"{'F': '[[+P]]FF', 'K': 'F-EF', 'Y': '[PFPF]P+E', 'E': '[-[]Y]KPFPY', 'P': 'Y+P'}",60,3
XTH,"{'F': '+TFXTX-+', 'Y': '[FH]-J', 'J': 'XHJHYH+H-', 'T': 'TTJ-T', 'X': '[]XHT--YHY', 'H': 'JTX'}",311,6
PLY,"{'F': 'L-FY', 'B': '-Y[+-P]F', 'Y': 'YHF', 'H': 'L', 'L': 'P', 'P': 'B-B'}",36,1
FFA,"{'F': 'TXQBX-ABF', 'T': '-AXAQQ[X]Q', 'A': 'F+A[AFB-]F', 'X': 'A-AQXX', 'Q': 'F[ATF]-', 'B': 'QTATFFTA-'}",unknown,5
JFJ,"{'F': 'F-F-+F+JJ', 'J': '[[[]]F+]++F-'}",232,4
FX,"{'F': '[]+XX+F', 'X': '[F]XX'}",97,3
M,"{'F': 'M[GGG]-FM', 'Z': 'ZX+X+F-', 'G': '[X]+F-G', 'P': 'GFZG', 'X': '-MXFPP', 'M': '[]Z--'}",60,0
QQFF,"{'F': '++FF-F-[-]', 'Q': '[]++QQ+'}",168,1
TLDT,"{'F': '-L-D', 'T': '[DDFFL]FT', 'L': 'FL[T]FF', 'D': '[-]L+L'}",90,0
HHHQ,"{'F': 'Q-CQF', 'Q': 'F[[S]FFS]S', 'C': 'C[S]', 'S': '-FHH+HS', 'H': 'HFFCF-QF'}",221,2
F,"{'F': 'JZFEF+F', 'Y': 'B', 'Z': '-BYBZJYF', 'E': '-[-]BYFF', 'J': '[F]F-+F', 'B': 'Z-+FF'}",90,4
OXOU,"{'F': 'F', 'O': '+-FU-', 'X': 'FD+FFO-F', 'U': 'DFXF-', 'D': 'X-FDFJO', 'J': 'JDFODU[O]'}",335,16
F,"{'F': 'YF+XFN', 'N': '[]F', 'Y': '[X]+-+YX', 'X': '+YX'}",42,0
F,"{'F': 'M[M]HM-M', 'H': 'F[F[H]]+', 'M': '[]F'}",45,3
RRFF,"{'F': 'R[F]++', 'X': 'R-[R+X]', 'R': 'F'}",36,0
UUUB,"{'F': '[Z-]+FZ', 'U': 'B+F[[+F]FF]', 'B': 'ZF', 'Z': 'U--U'}",36,9
J,"{'F': 'FJJ-P-Z', 'P': '[]-', 'J': 'JF', 'V': '[]FJP', 'Z': 'J[PF[F]]PVF'}",9,0
FG,"{'F': '[Z]', 'G': '[]GG-LLFF', 'Z': '[F]FLZG+', 'L': '[F[+ZFL[]]+]'}",60,1
FFM,"{'F': 'F+J+-P-P-', 'P': 'F', 'J': 'FFF', 'M': 'MPPM-'}",36,2
B,"{'F': 'CFCF', 'L': '+[C]+LCF', 'C': 'FB[[F]]-+', 'B': 'C-[F]+C'}",333,0
QF,"{'F': '[F]-SIJF', 'I': 'DJF', 'Q': '[][J]Q-SD', 'S': '[QDFQJ-]', 'J': '[F]FID', 'D': '[F]J'}",36,2
VV,"{'F': 'FVF+-', 'H': 'TG[VF]TFGF', 'U': 'VF[-]T', 'T': 'U+G-', 'V': 'VFUH++-+', 'G': 'FG'}",36,3
VNNV,"{'F': 'NFFQQXV+', 'S': '[]FVFV[X++]', 'Q': '-S[FQ][QF]', 'N': 'FQFFFQS', 'X': 'QF-+', 'V': '[N]+'}",unknown,5
JWZW,"{'F': '---', 'W': '-FZM', 'Z': '[F]FQMJMJ', 'M': '-QZ-', 'Q': '[F-Q][F]', 'J': 'Q[+]M'}",45,0
MF,"{'F': 'IFMW', 'M': '[]Y+IMI', 'X': 'FW++IWWY', 'I': 'M+W-+XI'}",266,1
SS,"{'I': 'KUK-I', 'U': '[]-FF', 'K': 'UKF', 'S': 'FIS+F-'}",90,1
FUFZ,"{'F': 'UFZVVZZ', 'T': 'VFV', 'V': '[Z[]-]VF', 'Z': 'E-FTF+', 'E': 'FF[UZ]E'}",36,1
F,{'F': 'FF-F'},45,1
QFQ,"{'F': 'Q+F+Q', 'Q': '[]F[-]'}",98,5
MBB,"{'F': 'B', 'T': 'MN[N+]-B', 'B': '-[M]', 'N': '+[[+]]NF', 'M': 'BTF-FTB'}",280,0
FF,"{'F': '+[[-+]G]GF+', 'G': '[G[+]]-F+'}",90,0
FK,"{'F': 'JFX', 'K': '-[++H]JK', 'H': 'XK', 'J': 'LFJ', 'X': 'L', 'L': '+[F]F'}",130,1
M,"{'F': 'FM-P', 'M': '[+]SFP', 'P': 'MPFFF+++', 'S': 'F+SMMPSF'}",60,1
OCDC,"{'F': 'DD+S-', 'C': '[]FSS-O', 'S': 'FFS', 'D': '-C[F]D'}",90,1
F,"{'F': '[FCF][+]-', 'C': '[-]-C-+F'}",45,4
QFQ,"{'F': '[C]FFQ-CFC', 'Q': '-[FN[-]]C', 'C': '[][+]', 'N': 'N+'}",90,5
JJ,"{'F': '+-XFJ++-', 'X': '-F+F', 'J': '[+]X'}",45,2
FV,"{'W': 'FRF-', 'R': 'WW-W-', 'V': '[]VF-'}",36,2
CCVV,"{'F': 'U-', 'V': 'QV', 'C': 'QR-', 'R': '[R]+U+V[C]', 'Q': 'FCVV--R'}",90,2
BBBF,"{'F': 'F[UH]UF', 'X': 'XHFFIBF', 'H': '[I[BB-]X]H', 'U': 'UFI[+UX]H', 'B': 'HB'}",36,0
FFF,"{'F': 'V+F-FF', 'V': '[[][]+F[]V]F+'}",36,0
FFF,"{'F': '[]BFBFFF-+', 'B': '+[[F-]B+]'}",168,7
FDZF,"{'F': '[]F+-+UU', 'W': 'FFZ[+W]ZF', 'I': 'DFZWDDWFF', 'D': '++IZ', 'Z': '[Z]D+UZF'}",201,1
M,"{'M': 'OFF-F+M', 'O': 'F-'}",60,1
MFFM,"{'F': '-F', 'M': '--+M+F--'}",60,2
ZE,"{'F': 'Z++', 'E': '+', 'Z': '-[ZF[]]FZ'}",198,0
VVFV,"{'F': '[]+F', 'V': '+[V][W]', 'W': 'FV[-]+F+'}",148,0
BBFF,"{'F': 'H-V', 'B': 'F[F[FV]VF]', 'H': 'FFF', 'V': '[HB]F-'}",90,2
XFG,"{'F': '+GF', 'T': 'G[+F]', 'X': '[G[]]', 'G': 'FTF[+]-'}",107,0
ZJJF,"{'F': '[Z]-+ZF-', 'Z': '[]F-+J', 'J': 'Z'}",90,1
XYX,"{'F': '[-+]Y', 'J': '[J]++XO-JF', 'O': 'XY', 'Y': '[J[]Y+-[]O]', 'X': '--+FOF'}",90,0
FHFH,"{'F': 'F', 'H': 'F-H+'}",36,2
EE,"{'F': '[-]F', 'K': 'KKFKEFFWW', 'X': 'E+E', 'V': '++KF', 'W': 'XWFEWEWK', 'E': '[-F]F-XVKE'}",45,0
LLFF,"{'F': 'N', 'P': 'NF+-', 'W': '[]-', 'N': '[[F]WF]W', 'L': 'NW-FN'}",105,1
F,"{'F': '-+-W--K-', 'W': 'KF+-', 'K': '+FF'}",303,3
MP,"{'F': '[-B]MF', 'B': '[M[[[]F]PP]]', 'M': 'F', 'P': '[MFFFF]'}",60,15
HNFN,"{'F': 'FH-', 'H': '[[++]-H]++F', 'N': '[H-H]+-'}",36,2
EEJF,"{'F': '[[]-]F+F', 'J': 'JE+F+--+', 'E': 'J'}",108,14
FFFF,"{'F': 'F[R]-F', 'R': '[[]++R]F'}",90,0
HPMF,"{'F': 'MD-WW', 'H': '[[F]]-F+DWM', 'M': 'WFWWM', 'P': 'PDP-PF', 'D': '[]'}",90,0
NNYF,"{'F': '--NF', 'N': 'FF--FFFN', 'Y': '+[F]N[Y]+-'}",60,1
K,"{'F': '[F-[T]F]+D', 'T': '[F+]-++', 'K': '[]+-KF', 'D': '-[+]'}",312,0
FUF,"{'F': '+F-U+-F', 'U': 'U'}",90,11
FF,"{'F': '[]IF-', 'I': '+E-OO', 'E': '+F+-F-O', 'H': '[FO]F+', 'O': 'OHFO-O+'}",60,2
UWV,"{'F': '[[]FV]-WV+F', 'V': 'V', 'W': 'VFF', 'U': 'F[F]'}",356,0
FGIG,"{'F': '[IG-]+[G]', 'I': '+[--IG]III', 'G': 'F+IFF'}",300,41
ROUO,"{'F': 'FOU+', 'M': 'FURXF-', 'U': '-FRU-XOO-', 'X': '+F', 'R': 'UF'}",90,4
M,"{'F': '[M]+MMXF', 'V': 'VX-', 'M': 'V[XF]--XI', 'X': 'DMMI', 'I': 'XVMM+MMF'}",350,4
SOX,"{'F': '+I[[[+]OO]]', 'S': '[F]X+', 'X': 'O[++XIFX]', 'O': 'ISOOXFX-'}",90,4
SFF,"{'F': 'HHS++', 'H': '[SF]-', 'S': '[H]'}",90,0
NXZ,"{'F': 'XFFZZN', 'X': 'FYZXYNFYY', 'Y': 'XX', 'Z': 'F-F[XX]FF-', 'N': 'X'}",45,3
FEEE,"{'F': '[+]', 'A': 'F[[-+]F+]AF', 'E': 'FFEEA-FEF'}",60,6
FK,"{'F': '[K]-OONA', 'K': 'NFF-NA', 'N': 'NFKN+FKF+', 'A': 'OAK-', 'O': 'KFKFFNNN'}",36,1
GFGV,"{'F': 'F', 'G': '+F-VF+[V]F', 'V': '[]F'}",60,0
TT,"{'F': '[V]V[V]QQ', 'Q': 'F-T', 'V': '+-FQQVTDF', 'T': 'V+', 'D': 'DFF+FT'}",60,1
YF,"{'F': '[Y]+', 'Y': '[[]]Y-[JFF]Y', 'J': 'F+J-J'}",60,3
AA,{'A': 'A[+[]]F+F'},60,3
O,"{'F': 'B+PBOO', 'B': 'FFF-', 'P': '[O[]]FQUFQ', 'O': '+PFP+-F', 'Q': 'F+F-F[BF]B', 'U': 'U'}",90,2
F,"{'F': '+E+BF', 'B': 'F-+', 'Q': 'E+EBE-', 'C': 'FF', 'E': 'BCC-F-'}",60,7
F,"{'F': '--FO', 'O': 'OOF+-+[+]O'}",51,1
HFHF,{'F': '-[FF+]'},45,1
TCFC,"{'H': 'SCCTHSF', 'P': '-F', 'T': 'SF[T]-P', 'C': 'CTCCFPC-', 'S': '-[HP]HP'}",36,0
PF,"{'F': '[]F-F', 'P': '[[F]]F+[FP]'}",45,2
NNNF,"{'F': '[]', 'R': 'N[[[NF]]L]NR', 'N': '+LG-FNRL', 'L': '[]G', 'G': 'GLNFLF'}",60,1
PPP,"{'F': 'RT-TP-[-]', 'O': '+RF-', 'T': 'P', 'K': '[+FFOTK]', 'P': 'TFK', 'R': '[[T]OF]'}",60,0
O,"{'F': '+', 'E': 'FOFWO', 'Z': 'WFFZ', 'W': 'OEZ+EEE+W', 'S': 'S-OSEF', 'O': 'ZF'}",45,0
OFI,"{'F': 'FD', 'U': '[+]FO', 'O': 'FFO+', 'I': '[]DI-F'}",154,0
KK,"{'F': '[[]FFF[]]+F', 'K': '-FFK-F'}",36,6
LKK,"{'F': 'LPFPL', 'L': 'F+LF-', 'K': 'F', 'P': 'F[F]K+'}",60,1
F,"{'F': '[-H]-', 'H': 'FH+F[F]'}",282,0
SFZZ,"{'F': 'FS', 'S': 'PZP', 'T': 'PTTZZ+T', 'P': 'F', 'Z': 'PTTZZF-'}",36,0
GFGG,"{'F': '[]F-', 'G': '+GF'}",45,9
FYYY,"{'F': '[]F-FY+F+', 'Y': 'F[+]'}",36,1
XWR,"{'F': 'V+WV+', 'V': 'VF+', 'X': 'F[RX]L', 'L': 'WL', 'R': 'WF'}",60,1
FCF,"{'F': 'V[-F]-V-F-', 'V': 'C-V[VF]F+', 'C': '[-C-]V'}",60,1
KQGK,"{'F': 'Q', 'Q': 'K+-KG+', 'K': 'F-', 'G': 'Q[F]KGK'}",45,0
NF,"{'F': '[+[FN]-]F', 'N': 'NF-'}",90,1
UFFF,"{'F': '+F-', 'U': 'UFF'}",90,0
YW,"{'F': 'FVYZ', 'Y': 'F+WZV', 'Z': '-YZ--VZ', 'W': 'Y+U-Y', 'V': '[UZ[+FU]+]-', 'U': 'WVZYW+YW'}",45,2
LGF,"{'F': '+', 'A': '[LFG]+ALF', 'L': 'G-RA+F', 'G': 'FF-F', 'R': 'RF+R+GFFR'}",90,0
NNFH,"{'F': 'U-NUFFU', 'N': '+[F]', 'U': 'H', 'H': '-F+[HN[]NF]'}",60,0
D,"{'F': 'D', 'D': '+FF+D'}",203,0
SJ,"{'F': '[[]+JSF-]+', 'S': '[[]F[]J]S', 'J': 'J', 'P': 'F[+S-+F]P'}",60,0
BBFB,"{'F': '[]F', 'B': '[[[[]]]]+B-BF'}",36,0
QQ,"{'F': 'QF-Q', 'Q': 'TQQQF', 'T': 'RTT', 'R': '[R[]]FFT'}",349,1
MMFT,"{'F': '-FFF', 'V': 'M+', 'M': '+-MV+'}",60,2
G,"{'F': 'X-GXGFX', 'O': 'GFX+', 'G': 'O[-[]]F+FF-'}",60,1
C,"{'F': '[D]F', 'H': 'DHFFFIHI', 'G': 'H+I', 'I': '-+F', 'C': '+F-[G]+'}",36,0
G,"{'F': '[[F]F]', 'H': '+F[X[B]]', 'G': 'HGF-', 'X': '[X]+HFFF'}",60,0
FF,"{'F': '[]-+-FY', 'Y': '[[[+]][]F]+'}",90,0
DDYF,"{'F': 'DF[WDW]-', 'Y': '[Y]YYD', 'W': 'F'}",36,0
FWU,"{'M': '[WW]F', 'S': 'FW', 'U': 'UM', 'W': '[U]FU', 'A': 'U'}",36,0
BABB,"{'F': 'U-T', 'U': 'FBF', 'B': 'TUF+U', 'A': '[B+F]-+BFB'}",60,0
RRTZ,"{'F': 'T', 'R': '[]EF-Z', 'Z': 'HTTE++TH', 'E': 'F', 'H': '[E]TFR'}",90,0
SVV,"{'F': '[]FFFS', 'V': 'FS-FS'}",60,0
ZUZF,"{'F': '+ZZD', 'Q': 'U-F', 'U': 'F-F', 'Z': 'ZQ', 'D': 'ZDF'}",45,0
KDF,"{'F': 'D-F+', 'N': '[]DFAFN-D', 'K': 'KNF+D-', 'A': 'FKAD', 'D': 'A++'}",60,0
GS,"{'T': 'SF', 'L': 'Z', 'Z': '[[]]G+TZS', 'S': 'ZLZF', 'G': '[Z]'}",90,0
G,"{'F': '-V', 'G': 'G-V-', 'V': 'F[[X]-F]GF', 'X': '++'}",90,0
UU,"{'F': '-FFUM', 'M': '[F]', 'U': 'MUMFM'}",36,0
J,"{'F': '-F-OEO+F', 'O': 'FF', 'J': 'F', 'K': '[]KO+[OE]-', 'E': 'J-F+'}",90,0
FFV,"{'F': '[[]+FWB-+-]', 'V': 'FFF', 'W': 'BV+', 'B': '[B]F+'}",45,0
FCS,"{'F': '-+-S+', 'S': 'FS++--F', 'C': 'F'}",60,0
FXHH,"{'X': '-+MFF++', 'G': 'GF', 'M': '+H-GX+MXF', 'H': 'FF-+-G-'}",90,0
KFF,"{'K': 'F-H+-MF', 'M': '+[K+]', 'H': '+K[F+]'}",60,0
FL,"{'F': 'F-+', 'L': 'QFL[F]FQQ', 'Q': 'F'}",60,0
NF,"{'F': '-FF', 'O': '[]O', 'N': '+FO--', 'I': '[FIO]'}",45,0
BF,"{'F': '-', 'B': '[[[][]]FFB]B'}",60,0
BUB,"{'F': '[F]TE-FFF+', 'E': '[]', 'U': '-', 'T': 'U[T+E+E]', 'B': 'U+UUTF-B+'}",36,0
FOU,"{'F': '-O-', 'U': 'UU+FOO', 'O': '++F'}",90,0
DDF,"{'F': '[FD]+', 'D': 'D++-Y+D', 'O': '[OOF]+', 'Y': 'F-Y'}",45,0
O,"{'F': '[[]FO]-O', 'O': 'FFFF'}",60,0
Y,"{'F': '[]FF-', 'Y': '[F]', 'G': '[F-]+XXX', 'O': '-X+GX+O', 'X': '+[+]'}",90,0
FQRF,"{'F': 'Q', 'E': 'F-[FE]+JF', 'R': 'E+-JEF', 'J': 'F+[S-]SFR', 'S': '+ESQE[S+R]'}",60,0
KW,"{'F': '[]OGFFOO', 'W': 'GNWG--FO', 'O': '[KF]'}",45,0
ZUU,"{'F': 'U', 'Z': '[+]', 'U': '[][ZFU]FZ'}",36,0
E,"{'F': '-GZEE', 'G': 'EFFF', 'Z': 'ZLEZ-FLF', 'E': '[--E]FLF', 'L': '[]GEFE'}",45,0
K,"{'F': 'FK', 'S': 'FS-WQQQF', 'K': '[]+[FF-QS]', 'Q': '+F'}",60,0
FFT,{'T': '-+[FTT]'},45,0
FK,"{'F': 'FF--F', 'W': 'W', 'K': '+FKFF', 'R': 'FR'}",60,0
HN,"{'F': '-FFFH', 'N': '--F', 'W': '[[[H]]]W'}",90,0
FRF,"{'F': '[]+FGF+G', 'J': 'R-', 'R': '[]GM-G[NJ]', 'N': 'MMFNFF-G', 'M': 'NR[F]'}",60,0
VNF,"{'F': 'J', 'N': '-ZZZFZ', 'J': 'VJWFFV', 'Z': '[-F]Z', 'W': '[NZN+]N-F+', 'V': 'FNWJFFZZ'}",36,0
FO,"{'F': '-FFO', 'O': 'MF'}",36,0
F,"{'F': 'F+FF', 'I': '+F'}",90,0
VQF,"{'F': 'F-F+', 'Q': '+-[+[[]]]FF', 'V': 'FF-V+FFF'}",36,0
UUF,"{'F': '[]', 'T': '+F+-UU', 'M': '-M', 'U': 'TFF'}",36,0
RRZ,"{'F': 'L++ZFLFFM', 'G': 'F-F-RLFGF', 'L': '[]M+[G]', 'Z': '[L]-F-ZRF', 'M': '[GL]+GG-', 'R': 'F-M-F'}",unknown,0
FGP,{'P': '+FF+-P[P]G'},45,0
K,"{'F': '[]F+F-F', 'K': '[[][FF+]KK]+'}",45,0
J,"{'F': '-KJF', 'J': 'JJJFFK', 'K': 'FFF-'}",60,0
JP,"{'F': '[-F]', 'S': 'FF', 'P': 'SFFPS', 'J': 'FF[S[[F]]+]F'}",60,0
EEE,"{'F': '+ZKEZ-++F', 'K': '[F]F-Z-+F', 'E': 'ZZE', 'Z': '[K]'}",90,0
VI,"{'F': '+FF+', 'I': '+--[K]FF', 'V': '[K]', 'K': '[[]IK+]'}",60,0
CF,"{'F': 'FSO-F', 'S': '[[-]]O+F+', 'O': 'PPC+', 'C': 'S'}",45,0
QJF,"{'F': '-F-', 'Q': 'FQJJFPF', 'P': '-'}",60,0
F,"{'F': 'MFM+M', 'X': '[X]+X+', 'M': 'E-MF-', 'E': '+[E+]'}",90,0
FP,"{'F': '[+F-]F', 'P': '[U[F]-U]-UU', 'U': 'UF-+F'}",90,0
WWWV,"{'V': '[F]+F', 'W': 'FF[W+-F]'}",45,0
NN,"{'F': '[-+F]', 'N': 'FN[[-N+]-]'}",60,0
FBF,"{'F': '-Y[-]FBF', 'S': 'YSFF+', 'Y': 'YYD', 'B': 'F', 'D': 'YSD-F[S]'}",45,0
PP,"{'F': '[]', 'W': 'FPPF', 'P': 'WF'}",36,0
H,"{'F': 'VZVFZ', 'H': 'VFFH+', 'V': '-PFFF+F+', 'P': 'F', 'Z': '[V]VZ[+F]'}",36,0
F,"{'F': 'FFLLLFFFF', 'S': 'VWFVW', 'Y': 'F-LFFLFSW', 'W': '[FW]VF+Y', 'V': '[]FS+FY', 'L': '[VF+]'}",36,1
X,"{'F': 'FZZFVF', 'V': 'FFAFZFF', 'T': 'TT-AZFAF', 'Z': 'A', 'X': 'XF', 'A': '[]'}",45,0
W,"{'F': '[F]', 'J': '+F', 'V': 'FIWIJPFIP', 'W': 'F+FIJP', 'P': '[F[]]P-JP', 'I': 'F-JJ'}",60,0
EWP,"{'F': 'S', 'W': '--E-FF+P', 'E': 'FFPFF', 'S': 'F+POS+'}",60,0
SEEV,"{'F': '[[]]F', 'V': 'S[F-]FV', 'S': '[[[-]]SE]EF', 'E': 'V'}",90,0
L,"{'V': '-', 'D': '[PD-]P', 'P': '[F]VFV', 'L': 'DLV+-D'}",36,0
SF,"{'F': '-[-]F--+F', 'S': 'F-+'}",60,0
T,"{'F': '++', 'S': 'F+[O]', 'O': 'T+-FO+SO', 'T': 'OC-OSSSO', 'C': '[]S'}",90,0
FFCF,"{'F': '[-CC-]', 'C': '[]F'}",90,0
RRFR,{'R': 'RF-F+FF'},36,0
KB,"{'F': 'F[F]', 'Z': 'N[KKZH]F', 'K': 'BK', 'N': 'H[[FB]][F]', 'H': '-H-BFBZK', 'B': 'FZ'}",90,0
FPT,"{'F': '[]+FF-+-', 'T': 'FPFF', 'P': 'P+T-'}",90,0
F,"{'F': '+[D++F]F', 'D': 'F[D]+'}",90,0
FFNS,"{'F': '[]++', 'N': 'SNF+F', 'S': 'NNFN'}",36,0
FWFX,"{'F': '[X-]FCX+', 'W': 'WW', 'C': '[][XF]W', 'X': '-CC+++-'}",90,0
QF,"{'F': 'FF+', 'C': '[]-FFQQC', 'Q': '[[C]F-QF]F'}",36,0
F,{'F': 'F-F++F-F'},60,82
F+F+F,{'F': 'F-F+F'},120,82
F+F+F+F,{'F': 'FF+F++F+F'},90,82
FX,"{'X': 'X+YF+', 'Y': '-FX-Y'}",90,82
XF,"{'X': 'X+YF++YF-FX--FXFX-YF+', 'Y': '-FX+YFYF++YF+FX--FX-Y'}",60,82
F+XF+F+XF,{'X': 'XF-F+F-XF+F+XF-F+F-X'},90,82
X,"{'X': '-YF+XFX+FY-', 'Y': '+XF-YFY-FX+'}",90,82
F+F+F+F,{'F': 'FF+F+F+F+FF'},90,82
F+F+F+F,{'F': 'F+F-F-FF+F+F-F'},90,82
F+F+F+F,{'F': 'F+F-F-FFF+F+F-F'},90,82
F+F+F+F,{'F': 'F-FF+FF+F+F-F-FF+F+F-F-FF-FF+F'},90,82
F,{'F': 'F-F+F+F-F'},90,82
YF,"{'X': 'YF+XF+Y', 'Y': 'XF-YF-X'}",60,82
F+F+F+F,{'F': 'F+F-F+F+F'},90,82
F+F+F+F,{'F': 'FF+F+F+F+F+F-F'},90,82
Y,"{'X': 'X[-FFF][+FFF]FX', 'Y': 'YFX[+Y][-Y]'}",25,82
F,{'F': 'FF+[+F-F-F]-[-F+F+F]'},22,82
F,{'F': 'F[+FF][-FF]F[-F][+F]F'},36,82
X,"{'F': 'FF', 'X': 'F[+X]F[-X]+X'}",20,82
F,{'F': 'F[+F]F[-F]F'},25,82
F,"{'F': 'FXF', 'X': '[-F+F+F]+F-F-F+'}",60,82
FXF--FF--FF,"{'F': 'FF', 'X': '--FXF++FXF++FXF--'}",60,82
F,{'F': 'FFF[+FFF+FFF+FFF]'},90,82
F-F-F-F,"{'F': 'F-b+FF-F-FF-Fb-FF+b-FF+F+FF+Fb+FFF', 'b': 'bbbbbb'}",90,82
F++F++F++F,{'F': '-F++F-'},45,82
F++F++F++F++F,{'F': 'F++F++F+++++F-F++F'},36,82
F,{'F': 'F+F-F'},120,82
F,"{'F': 'F+F-F-F-b+F+F+F-F', 'b': 'bbb'}",90,82
F-F-F-F-F,{'F': 'F-F++F+F-F-F'},72,82
X,"{'F': '', 'X': '-F++F-X-F--F+Y---F--F+Y+F++F-X+++F++F-X-F++F-X+++F--F+Y--', 'Y': '+F++F-X-F--F+Y+F--F+Y---F--F+Y---F++F-X+++F++F-X+++F--F+Y'}",30,82
FX,"{'F': '', 'X': 'FX-FY-FX+FY+FX+FY+FX+FY+FX-FY-FX-FY-FX-FY-FX+FY+FX', 'Y': 'FY'}",45,82
XYXYXYX+?XYXYXYX+?XYXYXYX+?XYXYXYX,"{'F': '', 'X': 'FX+FX+FXFY-FY-', 'Y': '+FX+FXFY-FY-FY'}",90,82
F--F--F--F--F--F,{'F': '-F[--F--F]++F--F+'},30,82
F+F+F,{'F': 'F+FF-F'},120,82
X,"{'F': '', 'X': 'FY+FYFY-FY', 'Y': 'FX-FXFX+FX'}",120,82
X,"{'F': '', 'X': 'FX+FX+FXFYFX+FXFY-FY-FY-', 'Y': '+FX+FX+FXFY-FYFXFY-FY-FY'}",90,82
X-X-X-X-X,"{'F': '', 'X': 'FX-FX-FX+FY+FY+FX-FX', 'Y': 'FY+FY-FX-FX-FY+FY+FY'}",72,82
F-F-F-F-F,{'F': 'F-F-F++F+F-F'},72,82
L--F--L--F,"{'L': '+R-F-R+', 'R': '-L+F+L-'}",45,82
X,"{'X': 'F-F-F+F+FX++F-F-F+F+FX--F-F-F+F+FX', 'F': ''}",60,82
F++++F,{'F': 'F+F+F++++F+F+F'},45,82
F+F+F+F++F-F-F-F,{'F': 'F+F++F+FF'},90,82
F++F++F+++F--F--F,{'F': 'FF++F++F++FFF'},60,82
a,"{'F': 'F', 'a': 'F[+x]Fb', 'b': 'F[-y]Fa', 'x': 'a', 'y': 'b'}",45,82
VZFFF,"{'V': '[+++W][---W]YV', 'W': '+X[-W]Z', 'X': '-W[+X]Z', 'Y': 'YZ', 'Z': '[-FFF][+FFF]F'}",20,82
FX,{'X': '[-FX]+FX'},40,82
aF,"{'a': 'FFFFFv[+++h][---q]fb', 'b': 'FFFFFv[+++h][---q]fc', 'c': 'FFFFFv[+++fa]fd', 'd': 'FFFFFv[+++h][---q]fe', 'e': 'FFFFFv[+++h][---q]fg', 'g': 'FFFFFv[---fa]fa', 'h': 'ifFF', 'i': 'fFFF[--m]j', 'j': 'fFFF[--n]k', 'k': 'fFFF[--o]l', 'l': 'fFFF[--p]', 'm': 'fFn', 'n': 'fFo', 'o': 'fFp', 'p': 'fF', 'q': 'rfF', 'r': 'fFFF[++m]s', 's': 'fFFF[++n]t', 't': 'fFFF[++o]u', 'u': 'fFFF[++p]', 'v': 'Fv'}",12,82
aF,"{'a': 'FFFFFy[++++n][----t]fb', 'b': '+FFFFFy[++++n][----t]fc', 'c': 'FFFFFy[++++n][----t]fd', 'd': '-FFFFFy[++++n][----t]fe', 'e': 'FFFFFy[++++n][----t]fg', 'g': 'FFFFFy[+++fa]fh', 'h': 'FFFFFy[++++n][----t]fi', 'i': '+FFFFFy[++++n][----t]fj', 'j': 'FFFFFy[++++n][----t]fk', 'k': '-FFFFFy[++++n][----t]fl', 'l': 'FFFFFy[++++n][----t]fm', 'm': 'FFFFFy[---fa]fa', 'n': 'ofFFF', 'o': 'fFFFp', 'p': 'fFFF[-s]q', 'q': 'fFFF[-s]r', 'r': 'fFFF[-s]', 's': 'fFfF', 't': 'ufFFF', 'u': 'fFFFv', 'v': 'fFFF[+s]w', 'w': 'fFFF[+s]x', 'x': 'fFFF[+s]', 'y': 'Fy'}",12,82
F,"{'F': 'FF-[XY]+[XY]', 'X': '+FY', 'Y': '-FX'}",22.5,82
-YF,"{'X': 'XFX-YF-YF+FX+FX-YF-YFFX+YF+FXFXYF-FX+YF+FXFX+YF-FXYF-YF-FX+FX+YFYF-', 'Y': '+FXFX-YF-YF+FX+FXYF+FX-YFYF-FX-YF+FXYFYF-FX-YFFX+FX+YF-YF-FX+FX+YFY'}",90,82
X,"{'X': 'XFYFX+F+YFXFY-F-XFYFX', 'Y': 'YFXFY-F-XFYFX+F+YFXFY'}",90,82
FF+FF+FF+FF,{'F': 'F+F-F-F+F'},90,82
X+X+X+X+X+X+X+X,"{'X': 'X+YF++YF-FX--FXFX-YF+X', 'Y': '-FX+YFYF++YF+FX--FX-YF'}",45,82
F+F+F+F,{'F': 'F+FF++F+F'},90,82
F++F++F++F++F,{'F': 'F++F++F|F-F++F'},36,82
F+F+F+F,{'F': 'FF+F-F+F+FF'},90,82
F--XF--F--XF,{'X': 'XF+F+XF--F--XF+F+X'},45,82
-X--X,{'X': 'XFX--XFX'},45,82
Y---Y,"{'X': '{F-F}{F-F}--[--X]{F-F}{F-F}--{F-F}{F-F}--', 'Y': 'f-F+X+F-fY'}",60,82
F+XF+F+XF,{'X': 'X{F-F-F}+XF+F+X{F-F-F}+X'},90,82
(-D--D),"{'A': 'F++FFFF--F--FFFF++F++FFFF--F', 'B': 'F--FFFF++F++FFFF--F--FFFF++F', 'C': 'BFA--BFA', 'D': 'CFC--CFC'}",45,82
F,"{'F': 'OF-', 'O': 'F[LL]SFOSS', 'J': 'FJF+FFSFL', 'L': '-', 'S': '[-]+L+-'}",206,15
UYFF,"{'F': 'F', 'Y': '[Y]FFFF-UF', 'U': 'UYUUF+F+'}",48,45
QQFDF,"{'F': '[][FQ]FF+', 'Q': '-', 'D': '+-'}",36,30
Q,"{'F': '-FQQ', 'Q': '[+]F+RFF', 'Z': '[[+][]-F]', 'R': 'FFFZ+Z'}",45,5
LL,"{'F': '+FFFTLFF', 'L': '[T]+F', 'T': '+VLF', 'V': '[-[T]F]V'}",90,35
O,"{'F': 'ONFE[F]YF', 'Y': '[[E]E+N++]+', 'E': '-+YOYENNNE', 'O': '[N]', 'N': '[EO+[]OOE]'}",45,15
HGG,"{'F': '++G', 'G': '-F', 'H': 'HFG+', 'E': 'F+'}",169,6
F,"{'F': '[]+[[-[]SFF]]', 'Z': '[F+]S-', 'S': '-+FF--'}",100,4
FF,"{'F': 'Z-[+]F+F', 'Z': 'FFZ-F-'}",60,10
F,"{'F': 'Q+', 'L': '', 'Q': '-++FF+Q'}",90,2
RARF,"{'F': '+RTAA', 'T': '-T+FAF', 'A': 'A[FF]-', 'R': 'RARF'}",45,15
FFXQ,"{'F': '-Q[T]', 'D': 'XXQFF+T+', 'X': '+T', 'Q': '+QDQTT', 'T': 'FQXF'}",60,15
AFFFK,"{'F': 'FPKFPP', 'A': '-F+P-P', 'K': 'P', 'P': '[]PKKF'}",60,1
RRFRF,"{'F': '[FP[]F]-', 'K': 'F---FFRKFF', 'R': '[]+P-', 'P': 'FFRKFF-'}",45,39
HP,"{'F': '[]', 'P': '[]FF-P', 'H': 'P'}",36,6
BALHL,"{'F': '[F[FF]]', 'B': 'A[HH+[]+[L]F]', 'A': 'F-LFA-FBL', 'L': 'HA', 'H': '[BB]HBLFB'}",45,32
DKKF,"{'F': 'KFF-+-', 'K': '', 'D': 'F'}",285,5
FFG,"{'F': '-', 'G': '[+[]-F]'}",36,0
FQF,"{'F': '', 'Q': '+F', 'I': 'I+B+I', 'L': '[FFQ[[]+-I]]', 'B': '[Q]FIFQ-FL'}",90,0
EEF,"{'F': 'F', 'E': '[[][E-FF]E-E]'}",258,2
OOH,"{'F': '[GGFOFH-FG]', 'G': 'FO', 'H': 'F', 'O': '[FOG-++]FG'}",60,45
QFUF,"{'F': 'F[Q]IQ', 'Q': '[]FIIF[[UQ]-]', 'I': 'FI+-F+F+FF', 'U': 'U[-]FIIU+II'}",90,45
VFTTV,"{'F': 'TFTF+', 'T': '+F', 'V': '-[[T]+F-]+F+'}",60,38
CFCCC,"{'F': 'FFFFF', 'C': ''}",90,0
KKKKK,"{'F': 'KFFFFF', 'K': 'FK+KF'}",45,30
FV,"{'F': 'F[EE]FVVFEF', 'E': '', 'V': '-FEEF-'}",223,20
RLRM,"{'F': '[RL[[MFFV]]]', 'M': 'VF++', 'R': '[[]]-VF', 'L': '[]MVFL', 'V': ''}",45,34
II,"{'F': '[[K]]++-', 'I': '--FKF+', 'K': '[[[]-F]K+K][F]'}",281,48
FI,"{'F': '[[]I]++', 'H': 'I-I+ZFIHF', 'Z': 'FFIH', 'I': '[H]+'}",60,47
JJNSS,"{'F': 'S-TF+-NJSJ', 'T': 'FS++', 'S': 'S-', 'N': '[[FF+S]]T-+', 'J': '[][S]NTT+-'}",281,14
FX,"{'F': '-FFF', 'X': '[+]-F-FF'}",36,48
DDAFQ,"{'F': '++FDD', 'A': 'FD+', 'D': 'CDA+QQQF', 'C': 'Q+', 'Q': '[[[]][+]A-F-]F'}",45,50
T,"{'F': '[FFF]F', 'Y': 'TF', 'L': '+ITF[FFT]', 'T': '[-FYLT][-T]', 'I': 'I---F'}",60,25
WFOF,"{'F': '[F]F+--O-O', 'X': '[-][O+OF-]', 'W': '+W', 'O': 'WFF'}",155,23
C,"{'F': '[][N[]M]M', 'C': '[CF-]C', 'M': 'NNM', 'N': ''}",95,0
SF,"{'F': '[F]+', 'S': 'S'}",36,0
MQFHQ,"{'F': '+QH', 'M': 'QM[Q-]-FMM', 'H': '+', 'C': '+M', 'Q': '-F'}",90,4
G,"{'F': '[[]I]F', 'Z': '+QQ', 'G': 'ZG+G', 'I': 'FG-+Z[ZF-]', 'Q': 'Z'}",90,10
FAFEX,"{'F': '-I', 'A': 'FFEXEEFIF', 'I': 'FA', 'X': '[[EAA]A]+X', 'E': 'XEX'}",60,12
F,"{'F': '+ZQ+ZQFQZ-', 'Z': '[Q+-]', 'Q': '++Q'}",135,29
FX,"{'F': 'F-FF+-', 'X': 'F[-][X-F]'}",60,39
F,"{'F': 'F+H', 'Q': 'FY', 'Y': 'F[H]+H', 'H': 'FY'}",60,17
JEF,"{'F': '[+F+G-J]FFE', 'E': '[F]', 'G': 'J[G]EFFFMMG', 'M': '[M]', 'J': 'FGEEM'}",90,50
EFFE,"{'F': '[]EFFEF+', 'E': 'YFY-YF', 'Y': 'EFFYF'}",90,50
CPPB,"{'F': '[]FCCCBCA-', 'P': 'C+F+A', 'C': '[]F+', 'B': '[F]PF+', 'A': '[BFB+[F]]F'}",60,48
HHH,"{'F': '[]+F[-]F-H', 'H': '-+F'}",36,19
ID,"{'F': 'D[F]+F', 'I': 'FDFF-IDFF', 'D': 'DFF+D+-'}",90,28
F,"{'F': 'F-', 'S': 'K[S++K+]+-', 'K': '+FS-', 'G': 'K'}",60,0
YEYFF,"{'F': 'FI[D+E]', 'Y': '', 'E': '[][D]FYEI+', 'D': 'I[D]F', 'I': '-E--[IYF+]'}",90,30
FN,"{'F': '++-FF', 'W': '', 'N': 'F'}",36,25
AA,"{'F': '-', 'A': '', 'S': 'FAVVSV+', 'V': 'VVSS-'}",36,0
VZ,"{'F': '[-]', 'Z': '', 'V': 'I', 'U': '[Z]U[U]', 'I': ''}",15,0
VSSVS,"{'F': '[SF+]', 'V': '-F', 'S': 'F[S[]+F][-F]+'}",36,41
FFEFE,"{'F': '[[FE]]+', 'E': '-E[-]F-F'}",45,41
WW,"{'F': 'WW+FF-', 'W': '+', 'U': 'UWFFFC', 'C': 'FF-CW'}",311,0
AZ,"{'F': 'F+FFMR-', 'Z': 'R[FF]-', 'R': '[]FMFARF', 'M': '', 'A': '+[FAZM-]'}",90,50
NZZN,"{'F': '[FZ]-FZFF', 'Z': '[N+F]N-+', 'N': '-+FFNF-+F'}",90,45
ID,"{'F': 'F', 'D': 'F[D]DFF[D+]F', 'I': 'I[+F]-F--'}",80,1
BIFFF,"{'F': 'XFXIB', 'B': '[X]-', 'I': 'I[F]F', 'X': '[]B+'}",45,17
I,"{'F': '[[+]]', 'Y': 'F', 'I': '[]+'}",90,0
N,"{'F': '[]-', 'P': '[+]PF+P', 'N': 'P[+[F+FN]F]F'}",45,23
